,cm_angle.dist_ctr2best.mean,cm_angle.dist_ctr2best.sd,cm_angle.dist_ctr2worst.mean,cm_angle.dist_ctr2worst.sd,cm_angle.angle.mean,cm_angle.angle.sd,cm_angle.y_ratio_best2worst.mean,cm_angle.y_ratio_best2worst.sd,cm_grad.mean,cm_grad.sd,ela_distr.skewness,ela_distr.kurtosis,ela_distr.number_of_peaks,ela_meta.lin_simple.adj_r2,ela_meta.lin_simple.intercept,ela_meta.lin_simple.coef.min,ela_meta.lin_simple.coef.max,ela_meta.lin_simple.coef.max_by_min,ela_meta.lin_w_interact.adj_r2,ela_meta.quad_simple.adj_r2,ela_meta.quad_simple.cond,ela_meta.quad_w_interact.adj_r2,basic.dim,basic.observations,basic.lower_min,basic.lower_max,basic.upper_min,basic.upper_max,basic.objective_min,basic.objective_max,basic.blocks_min,basic.blocks_max,basic.cells_total,basic.cells_filled,basic.minimize_fun,disp.ratio_mean_02,disp.ratio_mean_05,disp.ratio_mean_10,disp.ratio_mean_25,disp.ratio_median_02,disp.ratio_median_05,disp.ratio_median_10,disp.ratio_median_25,disp.diff_mean_02,disp.diff_mean_05,disp.diff_mean_10,disp.diff_mean_25,disp.diff_median_02,disp.diff_median_05,disp.diff_median_10,disp.diff_median_25,limo.avg_length.reg,limo.avg_length.norm,limo.length.mean,limo.length.sd,limo.cor.reg,limo.cor.norm,limo.ratio.mean,limo.ratio.sd,limo.sd_ratio.reg,limo.sd_ratio.norm,limo.sd_mean.reg,limo.sd_mean.norm,nbc.nn_nb.sd_ratio,nbc.nn_nb.mean_ratio,nbc.nn_nb.cor,nbc.dist_ratio.coeff_var,nbc.nb_fitness.cor,pca.expl_var.cov_x,pca.expl_var.cor_x,pca.expl_var.cov_init,pca.expl_var.cor_init,pca.expl_var_PC1.cov_x,pca.expl_var_PC1.cor_x,pca.expl_var_PC1.cov_init,pca.expl_var_PC1.cor_init,ic.h.max,ic.eps.s,ic.eps.max,ic.eps.ratio,ic.m0
unconstrained-f-f1_2_400_uniform.csv,4.276377541602695,,50.62367967419817,,82.43128525266663,,1.0,,0.0930494802271412,,3.66226629966191,15.002836312972363,10,-0.005700659034560962,1613363789226973.5,4149210502754.6924,4209533695677.1387,1.0145384749417745,0.012543821013122347,0.32851753652077553,4.078426900985128,0.5918209184447395,2,400,-49.942745499145076,-49.691906549313316,49.815278127615784,49.82469523199946,1360631.0320389306,2.685635742037135e+16,1,1,1,1,1,0.18001257940905818,0.359899489172626,0.4989822208476157,0.7321771529554757,0.2004480307524257,0.30670419118133485,0.4398287224085213,0.6845789486201093,-42.73439068741749,-33.359420671598876,-26.11099753238917,-13.957831416936727,-41.13700220349945,-35.67011565475784,-28.820849634456295,-16.228434154011737,5910678618501.523,0.9999999999999999,5910678618501.523,,,,1.0145384749417745,,,,,,0.41500393682454756,0.6507737514799853,0.3547887189786253,0.36390481149948334,-0.18228169135195896,1.0,1.0,0.3333333333333333,1.0,0.5284086890786788,0.5017277003878369,0.9999999999999999,0.3485438347358999,0.5368806204855127,,3447764054734.471,13.478478478478479,0.3768844221105528
unconstrained-f-f1_2_200_uniform.csv,4.659029789055718,,48.85448327438839,,36.38646109753044,,1.0,,0.08342610140140855,,3.4661370336379718,12.883033691611072,13,0.008328740765327969,1630611817757629.0,8142825129063.091,21694755970943.92,2.6642787517948467,0.010205786873598743,0.43954380463611753,5.134888838129551,0.5816207765066719,2,200,-49.678290558194675,-48.45016827815579,49.369534492708034,49.77496823133815,12109421.38242458,2.621797596661612e+16,1,1,1,1,1,0.3407799032478065,0.7987424952646622,0.8447461513741643,0.7813660753969174,0.35488797586080145,0.7919133343592187,0.8208290190615861,0.7681575873386557,-33.50337315015737,-10.22845831557266,-7.8904263524974425,-11.111575626029449,-32.4326907170278,-10.46145509079647,-9.007733219662015,-11.655763624880827,23172570805184.914,1.0,23172570805184.914,,,,2.6642787517948467,,,,,,0.43244366691029634,0.6167139119592885,0.3789882884259428,0.39478692847932234,-0.2666544365424863,1.0,1.0,0.3333333333333333,1.0,0.5695315883282174,0.5695299467998043,1.0,0.3941082969131671,0.5665232375777973,,770907439079.4282,13.438438438438439,0.42424242424242425
speed-reducer-f1_7_400_uniform.csv,5.389376764587827,,5.334743444375521,,170.06958822914237,,1.0,,0.19839587849669119,,0.33259964516733065,-0.5686908957276158,1,0.9835108038774718,-13384.277229939957,11.344261051711719,7363.188530734896,649.0672682134616,0.9973634416893336,0.9875628305574922,1386.5608132538357,0.999956142343937,7,400,0.7003323293050808,17.041460820052215,0.7996946356643126,27.978290960799512,2703.6620761637932,6527.8731486066745,1,1,1,1,1,0.24575586157210744,0.27838410816099485,0.33128547239604456,0.45578220677145853,0.28850394877231544,0.30372911685721865,0.34202390223617635,0.4463635263748099,-2.9300299040399262,-2.803278188844504,-2.597771017789409,-2.114135632255482,-2.402249830268585,-2.350844545046467,-2.221548477249551,-1.869262833576863,7443.291582560633,1.0,7443.291582560633,,,,649.0672682134616,,,,,,0.5690817430970819,0.8230738299485333,0.5228253227053528,0.21512866927389868,-0.23753303637623696,0.14285714285714285,1.0,0.125,0.75,0.9657569327002015,0.17620108949245725,0.9999968205750778,0.2602141327646362,0.8449342311475622,3.468468468468469,386.8900739327976,2.7677677677677677,0.5804020100502513
welded-beam-f1_4_700_uniform.csv,5.374981419486534,,6.610548565577441,,135.9607697847452,,1.0,,0.4473540010071453,,1.1416346690980008,0.9193990962414911,7,0.8511943473354976,-15.224059668259308,0.6098414033301842,4.634689558000601,7.599827648125848,0.9971229700654539,0.8506582411162122,17879.760953982488,0.9972202662421376,4,700,4.3779112777656e-05,0.15259801659897576,0.12494142029769326,9.987172271716725,0.07991293525617324,52.90811153920834,1,1,1,1,1,0.7682560544092304,0.7490802029896768,0.8176377339011369,0.9061085564432438,0.7266413405492252,0.7266413405492252,0.8121807021357569,0.8880520780555717,-1.3041483935397862,-1.4120612702271007,-1.0262510020222075,-0.5283778826218111,-1.5080222017347555,-1.5080222017347555,-1.036132060577783,-0.6175767472281875,6.879833338855281,0.9999999999999999,6.879833338855281,,,,7.599827648125848,,,,,,0.4797708255684755,0.7316915066213828,0.43728985325286973,0.2959021762168748,-0.17870708645860198,0.75,1.0,0.4,0.8,0.45673731463363365,0.27675966261221374,0.8850722822211471,0.3827414928529709,0.7591328935924155,0.9459459459459456,1.216424293857368,0.24524524524524513,0.4484240687679083
gear-train-f1_4_400_uniform.csv,30.364452901377952,,39.07684736515984,,156.48366146641987,,1.0,,0.37108059887809075,,8.864642175062095,109.27943906111135,6,0.29125844662662803,9.929217341181204,0.21027803159043118,0.36324435206863626,1.7274479379574232,0.5432081629126501,0.3332544802628029,11.657518673165274,0.698670658168281,4,400,12.0,12.0,60.0,60.0,2.0226014011086525e-06,216.30670369269947,1,1,1,1,1,0.5691308797531647,0.7053753661491591,0.7226493173715971,0.8394876629074564,0.5146279478159494,0.6779985440945286,0.6891242793258024,0.8322954133091864,-16.175502475818174,-11.060670793862265,-10.412179575448569,-6.025884854668629,-18.25153815612477,-12.108282362656311,-11.689919211801602,-6.306227664265791,0.6000393110199335,1.0,0.6000393110199335,,,,1.7274479379574232,,,,,,0.7180901285086038,0.7998832963608988,0.6361384731196809,0.2513397379443924,-0.14671653700672596,1.0,1.0,0.8,0.8,0.28983670579170207,0.29781957267000925,0.3192070144724835,0.30408529972606607,0.678121429561144,0.6256256256256254,0.007996554525892346,-1.3763763763763763,0.4547738693467337
kursawe-f2_3_150_uniform.csv,0.6728331385228903,,0.7356978506326665,,170.90379057047326,,1.0,,0.5169626603557688,,0.25666034057053644,-0.23184789346629975,2,0.943387071487533,-1.4919794124681467,3.8071464157695867,4.026588946273563,1.057639635185824,0.9435507414027936,0.9996884251655432,1.0336511985773251,0.9996896526645482,3,150,0.001074985110475768,0.008934653198578446,0.9923362389172464,0.9973437749788212,0.5423837682756625,10.402556463140687,1,1,1,1,1,0.1862270429004445,0.36272150326023705,0.47872772053141155,0.6442549069963505,0.1866084485749687,0.35431025502886976,0.45104669286654814,0.6467080503409597,-0.5487041848835381,-0.42969894126700414,-0.35147921630087303,-0.23986889657603322,-0.5500948683307434,-0.4366785155564066,-0.37125588122749875,-0.23893054727396407,6.775043047843013,0.9999999999999999,6.775043047843013,,,,1.057639635185824,,,,,,0.7895370346611017,0.7425145900047806,0.5799875742847518,0.3277263935587538,-0.323017255944648,1.0,1.0,0.25,0.75,0.3624969636754437,0.36074501447821233,0.956003357969482,0.47635593035964663,0.8165397213253749,0.9659659659659656,2.164964029297577,0.5455455455455454,0.44594594594594594
speed-reducer-f3_7_200_uniform.csv,3.049866958743671,,1.0710044744419869,,32.65721033070593,,1.0,,0.30309319328056455,,0.07696322599252155,-1.0958838218378086,2,0.9975143364406136,3461.4457421697302,0.0663321898491449,493.0665019009168,7433.291483701453,0.9977052890593029,0.9999964179299798,157304.82083490092,1.0000000170253116,7,200,0.7001040609039108,17.11395837878348,0.799577881979792,27.974895645589207,754.7038563593213,1002.9931469002406,1,1,1,1,1,0.7537999114114519,1.013413136230975,0.9026581463420537,0.9825528033182956,0.8536515093129297,1.2755821429352907,0.8982099459517553,0.9824967104380052,-0.9090391711138706,0.04952502783953161,-0.3594131849066411,-0.06441990049931645,-0.4674537261435252,0.8802407115299373,-0.32512901107361136,-0.05590749783008464,493.07983268235097,0.9999999999999999,493.07983268235097,,,,7433.291483701453,,,,,,0.29555202781829665,0.7542187940171007,0.345237086159978,0.25118050592961594,-0.5725244499988955,0.14285714285714285,1.0,0.125,0.75,0.9629891913454047,0.19060215516844833,0.9978883148481897,0.261717170141744,0.876647761038785,2.5275275275275275,77.07027114212303,2.1071071071071072,0.6464646464646465
unconstrained-f-f1_2_1000_uniform.csv,1.90466444374067,,52.71225267341708,,122.67231136534338,,1.0,,0.045973615870854606,,3.478936059197964,12.74516765409173,14,-0.0011310119886493997,1887397508610100.8,154519986156.6499,6817961312070.638,44.12349160553701,0.048497369413945446,0.34650649003094836,5.117774022715214,0.5844029341470107,2,1000,-49.96832986507729,-49.954437464074076,49.749509587918475,49.966626957983316,102.44629166080676,2.9239831757669444e+16,1,1,1,1,1,0.2424510782747445,0.5402032666473675,0.6341654021674811,0.7292029912280098,0.21847168754795107,0.46783603855067474,0.5829401494130502,0.6867473064109316,-39.67321286822506,-24.079783041430154,-19.158939387461558,-14.181773698024138,-40.22942310968094,-27.39331234424393,-21.46829094224548,-16.12478390079447,6819712081826.755,1.0,6819712081826.755,,,,44.12349160553701,,,,,,0.4269163121804022,0.6672777758625229,0.35906194647905815,0.3548882812222435,-0.13962333034611238,1.0,1.0,0.3333333333333333,1.0,0.5399159729958947,0.538493770083982,0.9999999999999991,0.3634265897364828,0.48441833512154947,,1982883949127.0754,13.478478478478479,0.3376753507014028
speed-reducer-f3_7_150_uniform.csv,3.5204880168756545,,0.7844097425599922,,96.85953883062245,,1.0,,0.29082931670611684,,0.250575970237986,-0.9394881963278214,2,0.9972310497613046,3456.3344527887693,0.12873927447459163,495.03343811711045,3845.240235642401,0.997403414266432,0.9999952547206971,227136.83734086176,1.0000000007785033,7,150,0.7024698072195082,17.08343698239154,0.7998608705603619,27.950020074352512,755.16777527303,1002.8882664827606,1,1,1,1,1,1.486990030680263,1.4257351148120558,1.180379770387689,1.0724833927591726,1.8199668791581738,1.8265468472929363,1.2029669473397684,1.0826341632025922,1.8982636956098982,1.6594949824027077,0.7031116613847277,0.28253677558280055,2.793128312078266,2.8155422604424323,0.6913849100988467,0.2814843216875018,495.1465508872234,1.0,495.1465508872234,,,,3845.240235642401,,,,,,0.1589125100516435,0.7287468599660815,-0.08375828937679484,0.2539553768911833,-0.6230997056751267,0.14285714285714285,1.0,0.125,0.875,0.9674614151010827,0.1784534595108675,0.9976864504354146,0.25228534229459293,0.8857102007879778,2.5275275275275275,44.324785912404,2.1271271271271273,0.6081081081081081
unconstrained-f-f1_2_150_uniform.csv,9.998231759479058,,54.57771799575975,,33.0449095185375,,1.0,,0.015542744989860635,,3.569769392714123,13.423780637271655,7,-0.010113799232928766,1840850943463577.5,4696705129350.569,15360936707236.459,3.2705771991609938,0.05647004773357189,0.289719868680824,2.8747254599404033,0.5596742989040202,2,150,-49.48807688081644,-48.20766203598793,48.381263604060145,49.58854717730692,8181532.5884376485,2.781712279463773e+16,1,1,1,1,1,0.2908155832289692,0.46763366934748685,0.7235290599167822,0.7767097343346311,0.41833344547487633,0.4334240677189321,0.6240091125825491,0.7432029799480548,-36.87516951923933,-27.68123244801216,-14.375545403451348,-11.610331817351359,-29.778555352839447,-29.005987416265754,-19.24894145283057,-13.146783524977067,16062920518878.018,0.9999999999999999,16062920518878.018,,,,3.2705771991609938,,,,,,0.31036831783788127,0.5784112105519699,0.3848777791948775,0.40372323392788284,-0.20783308179570098,1.0,1.0,0.3333333333333333,1.0,0.569622368019046,0.567100808808898,1.0,0.39623070019609535,0.6345332051709834,,2867196497493.7754,13.578578578578579,0.4594594594594595
speed-reducer-f1_7_150_uniform.csv,5.453555729514422,,4.762801781166558,,174.03745419018148,,1.0,,0.228632365750625,,0.4911526266892807,-0.607658828439861,2,0.9841383298690058,-14675.202431313714,32.3116588444485,7962.161791757641,246.41761136710033,0.9971095533479599,0.9881469372871882,3850.9150279227733,1.0000043822436369,7,150,0.7024698072195082,17.08343698239154,0.7998608705603619,27.950020074352512,2802.5156843234386,6383.939885654083,1,1,1,1,1,0.22980840145220022,0.4604624917391652,0.3927198367297573,0.4332074366157896,0.2450955340527426,0.46076024486703515,0.40987589406123903,0.4389330845827701,-3.002169773670266,-2.1030912335530005,-2.367148841609076,-2.2093301263498,-2.571500252444787,-1.8368617871570057,-2.010193813718014,-1.911213643203731,8045.94555480972,0.9999999999999999,8045.94555480972,,,,246.41761136710033,,,,,,0.35692154649936775,0.786694777251817,0.2960736846173977,0.2356750805322528,-0.24378154912125805,0.14285714285714285,1.0,0.125,0.875,0.9674614151010827,0.1784534595108675,0.9999968853129606,0.2626210074912992,0.8856815859315555,3.328328328328329,243.99862972595503,2.5075075075075075,0.6621621621621622
gear-train-f1_4_200_uniform.csv,33.54101966249684,,33.67491648096547,,135.23933588935594,,1.0,,0.3947591981897291,,5.442637373134533,38.84899347270337,9,0.40679499528960283,6.207267974223581,0.13878254286954994,0.21450752619701555,1.5456376699960317,0.6409890960377681,0.4285696654411839,15.30147533692152,0.8217024052064612,4,200,12.0,12.0,60.0,60.0,0.0006306871613241381,66.90321620288636,1,1,1,1,1,0.4222068560139606,0.685804442643764,0.7752851598608181,0.8416214556577511,0.45727780382462857,0.6795740222291411,0.7091683209537627,0.8060891611247601,-21.321113817044463,-11.594113410532078,-8.292190263687537,-5.844318170345929,-20.029316877656406,-11.825411766522961,-10.733225762145999,-7.156334613204834,0.3638802748784995,1.0,0.3638802748784995,,,,1.5456376699960317,,,,,,0.6774941098270815,0.8024114168140051,0.5580220694948761,0.24165299323210898,-0.15726585926183548,1.0,1.0,0.8,0.8,0.31035108586851184,0.3056897675057186,0.29253245517745224,0.3035544066054223,0.6663299188710236,0.3453453453453452,0.0055302242561929005,-1.5965965965965965,0.46464646464646464
pressure-f2_4_400_uniform.csv,51.81400741585679,,48.98586881025952,,169.4444122132157,,1.0,,0.5726753270169815,,1.1394616350636826,0.5721527210510375,6,0.8857994040687105,98222.38464403429,27926.54765819199,54517.80510352185,1.9521856324954499,0.9266395266301762,0.9560277823008133,36246.71705139447,1.0,4,400,0.0625,50.09488004835187,0.5625,129.8036647622292,749739.793153988,7008152.105205735,1,1,1,1,1,0.2392678844542527,0.3148984932157474,0.38675306005257215,0.5505439822203607,0.12236458246877831,0.3235324193061398,0.38594057202020915,0.5302340620924388,-31.673915196184872,-28.524951928834337,-25.533208304581734,-18.71359378768223,-35.748775333022884,-27.554593945541214,-25.01251897254153,-19.13500371327796,85452.72019853792,1.0,85452.72019853792,,,,1.9521856324954499,,,,,,0.6174429022862798,0.6993095653774517,0.45232126337566125,0.35015036300835406,-0.11634239150311777,0.5,1.0,0.2,0.8,0.515173509965897,0.2802544555348584,0.9999999997275459,0.3898048782948515,0.6581793650744802,5.15015015015015,9530.031335276592,4.42942942942943,0.32663316582914576
four-bar-f1_4_100_uniform.csv,1.2517052972121492,,1.325100766040721,,144.62371210211285,,1.0,,0.40138112790456765,,-0.037674458158507,-0.9187877927672505,2,0.9998879226834029,350.6695171399704,67.61699484261543,400.33643693510794,5.920648172355584,0.9998873119303944,0.999998934711201,516.2663650200784,0.9999999822719644,4,100,1.0018126289137053,1.4298363810361625,2.986880980234363,2.9965601018152848,1427.987010439157,2504.7710183820404,1,1,1,1,1,0.3548891102551729,0.7570142320621092,0.7627744767560659,0.8638261275526469,0.35185947792843997,0.7439278483215117,0.8276050475850034,0.8711207580105469,-0.9208283951872436,-0.3468367970537458,-0.3386146495722173,-0.1943739757388494,-0.9331187664508342,-0.3686634644180762,-0.2481945810542472,-0.18554562662113483,462.8587071818871,1.0,462.8587071818871,,,,5.920648172355584,,,,,,0.6216315307038762,0.7838473587947166,0.5919841656847974,0.2529179197090743,-0.3267782727886016,1.0,1.0,0.2,0.8,0.3156145667148052,0.30753606352107243,0.9999888190193796,0.39983828366474944,0.7665172625803577,2.6676676676676676,88.50074914473439,2.1071071071071072,0.4387755102040816
kursawe-f1_3_400_uniform.csv,0.7976406947577379,,0.7248018476870638,,163.1748714215267,,1.0,,0.4675382967460154,,-0.30827968811371476,-0.4440186019524317,2,0.9618869603633416,-19.50657260539415,1.1130019021656967,2.3599535187372997,2.120349942030885,0.98736122286076,0.9709823161902726,1.83956350379426,0.9998076184989767,3,400,0.0003676463635402527,0.0017914783472305906,0.9950035576298121,0.9992863705876464,-19.701253873261944,-15.396758335257749,1,1,1,1,1,0.4019137857556649,0.5344631185050529,0.5839607816848666,0.7512832748473608,0.36360027936007344,0.5109281870129999,0.5604397483965555,0.7074419473689196,-0.3946171481641104,-0.30716112855545474,-0.27450258164431296,-0.16410323870189586,-0.42297715274562675,-0.32505702978211604,-0.29214963120414633,-0.19444598748451436,2.859338510603909,1.0,2.859338510603909,,,,2.120349942030885,,,,,,0.7478249071030436,0.7914215062611637,0.6047236149680831,0.26523343302530605,-0.213418543826111,1.0,1.0,0.5,0.75,0.36708843110988054,0.3655543174400509,0.8121999337629133,0.48265470565701823,0.7809779055743682,0.5255255255255253,0.7671581176779302,0.04504504504504502,0.4020100502512563
pressure-f1_4_100_uniform.csv,28.013370252264238,,40.92453298052949,,172.03617965163616,,1.0,,0.12804125194534025,,1.3432182174873553,1.4910465030950677,3,0.8844898949792357,-12494.857800756607,14.481470606032799,14479.185008348713,999.8421708853841,0.9928261174926616,0.8850268643828113,27275.813279012375,0.9997785043248641,4,100,0.0625,50.2810911674261,0.5625,129.66015945411078,907.4551736391161,18835.799651383117,1,1,1,1,1,1.2828581603562716,0.7864291543851022,0.6638164042727852,0.864652320906569,1.2964979771403025,0.5151566627733154,0.4949313210402114,0.8806134287565706,11.733605449884713,-8.859408669303,-13.945666853020043,-5.614532255458464,12.17002024100406,-19.90082119505516,-20.73098813463136,-4.900326816897916,15898.46432350353,0.9999999999999999,15898.46432350353,,,,999.8421708853841,,,,,,0.30831931285481917,0.5283127191343784,0.2779402850858588,0.4522450106068157,-0.4538903803559514,0.5,1.0,0.2,0.8,0.512721151595779,0.28546806725166274,0.9999518100439369,0.38684483730551794,0.8407229862409901,3.8088088088088092,202.91180180466782,2.6676676676676676,0.6836734693877551
gear-train-f1_4_700_uniform.csv,35.185224171518364,,38.704004960727254,,131.25542139012597,,1.0,,0.3922082836524568,,7.9950383720628135,79.85306856194622,10,0.24403636912643134,12.40795041627803,0.2487097781069589,0.40250269371650743,1.618362964175092,0.5217416300784077,0.3297426794327144,14.985341507292226,0.750355109762755,4,700,12.0,12.0,60.0,60.0,2.628046625660521e-05,272.3012846974415,1,1,1,1,1,0.5107438344092566,0.6425253312648859,0.7283396718852541,0.8437735137445139,0.564945389261213,0.6086422135619207,0.704238182012342,0.8255370803211418,-18.747525312558782,-13.697866009758293,-10.40959570044421,-5.986352777037453,-16.748189938908766,-15.066004082120351,-11.385869686388396,-6.716255945698904,0.6938749244771805,1.0,0.6938749244771805,,,,1.618362964175092,,,,,,0.6612037090535289,0.8141428480971991,0.5159981064357774,0.23570853073750622,-0.12289474500844867,1.0,1.0,1.0,1.0,0.2853035791102452,0.286580493463507,0.4016029761068539,0.3121709879514611,0.6210069706061775,0.8058058058058055,0.004193943955667186,-1.2162162162162162,0.45272206303724927
pressure-f1_4_150_uniform.csv,38.91584932259872,,44.25691078666291,,83.0972404105924,,1.0,,0.08296178241417897,,0.9035202314125113,0.522785260354294,4,0.8822507623588437,-10551.775964421004,16.141825364738402,14290.045318002474,885.28062936543,0.9944791595564492,0.8836769429024693,245507.84170665077,0.9998056339331526,4,150,0.0625,50.43775609305594,0.5625,129.9756376292696,806.4680047495334,17883.982298574767,1,1,1,1,1,0.2364360715415283,0.8074957186392746,0.8534365023649038,0.8473746125983753,0.29681772341243595,0.7439220437529881,0.7823064380780658,0.8098989286395151,-31.631024418050554,-7.974587847010312,-6.07146749565549,-6.322584364955084,-28.632746089002296,-10.42718985437666,-8.86422296359606,-7.740689560502972,15445.87661959661,1.0,15445.87661959661,,,,885.28062936543,,,,,,0.266673079512111,0.5268814869516981,0.26540439939783855,0.4324670584606706,-0.5310129619395823,0.5,1.0,0.2,0.8,0.5665036995451249,0.32950517584261174,0.999925114630579,0.36702450584669,0.8684466070383791,3.9689689689689693,273.87525005056204,2.7277277277277276,0.5743243243243243
four-bar-f1_4_200_uniform.csv,1.6463448232532476,,1.3508657934213082,,156.97104831907026,,1.0,,0.41151918117442904,,-0.16126656883381849,-0.7276089850261807,3,0.9998920211022234,348.3830912526641,68.62179738781086,400.5090736085937,5.836470172081725,0.9998928391024587,0.9999991847975734,454.65188732702177,0.9999999862411361,4,200,1.0066013692769622,1.430331680726464,2.96694745290134,2.9969351515814218,1261.78646183615,2500.648697683689,1,1,1,1,1,0.44136508805224983,0.6062464549102228,0.7250319116636634,0.8876847320929461,0.44023470434837786,0.6146737510535514,0.7247136867264463,0.8723401696280754,-0.7639822142830824,-0.5384924909376908,-0.3760429656140588,-0.1536009748732896,-0.761848024541256,-0.5244341581090896,-0.3746683397129149,-0.1737467298127251,463.05785981681066,0.9999999999999999,463.05785981681066,,,,5.836470172081725,,,,,,0.7662150908561622,0.8247144185832904,0.6872975776356892,0.22478645136579,-0.2557825596974215,1.0,1.0,0.2,0.8,0.33950781451011874,0.2940888770945616,0.999988867538593,0.40481936321282297,0.8325339222594444,2.6676676676676676,127.96968682159417,2.2472472472472473,0.5050505050505051
kursawe-f2_3_1000_uniform.csv,0.7923825365525116,,0.7331862090475814,,174.56596472368787,,1.0,,0.4565783034471345,,0.2527424318204741,-0.4688853186329047,1,0.9484921816370816,-1.4945005897145573,3.837058311109976,3.9310006281145484,1.0244829005419511,0.9484478101906677,0.9996911162205105,1.0118154944780187,0.9996964427894395,3,1000,0.00017299061644737712,0.0007822649052723341,0.997416729676156,0.9980539259220012,0.2264519544746588,10.406881358175989,1,1,1,1,1,0.2814315970176492,0.39376439166311383,0.517409024852519,0.6776820429029404,0.25966762656581055,0.3823114366301783,0.5103889737055817,0.6690498991016902,-0.4760880517916889,-0.40166187171876866,-0.3197410242596747,-0.2135520120491372,-0.4923155920140308,-0.41075835890451196,-0.32558773723294554,-0.22007938690437145,6.7520294657891,1.0,6.7520294657891,,,,1.0244829005419511,,,,,,0.770078688602707,0.794254351902628,0.5818543226849309,0.26624488120461576,-0.16729593862264833,1.0,1.0,0.25,0.75,0.34585594589130453,0.34206814147916664,0.9595216776324254,0.49215859615122787,0.7764789746231497,0.9859859859859856,2.3193450592744274,0.4654654654654653,0.4188376753507014
kursawe-f1_3_700_uniform.csv,0.7623106702041343,,0.8109096066609598,,178.1939234109951,,1.0,,0.4821426551737471,,-0.3923679310711607,-0.291567776802649,1,0.9485118764926914,-19.552775901792476,1.194376158783765,2.3282556941072925,1.94934876837977,0.98602251052688,0.9671150359761064,2.4907968726334415,0.9998074231429549,3,700,0.00043837666541002296,0.0012449471054463144,0.9975453053001084,0.9996756764867164,-19.656741321858775,-15.181666256986984,1,1,1,1,1,0.3303376424952246,0.4918083787564665,0.6079987765117959,0.7441797185144267,0.3277756938062202,0.49507936102592814,0.5777398003547651,0.7139732977812836,-0.4378200103300903,-0.3322517062054254,-0.2562873331517513,-0.16725329866232125,-0.4378801710884228,-0.3289002402068873,-0.2750560590577436,-0.1863149251661912,2.8896740450825886,1.0,2.8896740450825886,,,,1.94934876837977,,,,,,0.7804017178028348,0.7909330557463765,0.6235483018535184,0.2669547666786455,-0.17915803356016766,1.0,1.0,0.75,0.75,0.3740166424565247,0.376877300362099,0.7940422324548951,0.4623889478649131,0.7848954253134879,0.5055055055055053,0.9224970052592174,0.08508508508508504,0.4340974212034384
kursawe-f2_3_400_uniform.csv,0.7976406947577379,,0.7248018476870638,,163.1748714215267,,1.0,,0.4496099901360961,,0.3107184154714396,-0.38059344249709737,1,0.9471592883628641,-1.4999218491221644,3.8335250965441934,3.9822643450302446,1.0387996021260264,0.9472397276639319,0.9996881123401873,1.0042327843127667,0.9997051564156426,3,400,0.0003676463635402527,0.0017914783472305906,0.9950035576298121,0.9992863705876464,0.22210601473968586,10.041502573322482,1,1,1,1,1,0.37195532553986826,0.4905739149875789,0.5487356966283377,0.7004369847556952,0.36188764846505667,0.48739287361040823,0.5401325884947085,0.6850971147338853,-0.41438373340246526,-0.33611921505664993,-0.29774408475504505,-0.1976516093428234,-0.4241154369342967,-0.3406995568435581,-0.30564659607866945,-0.20929727258099529,6.750341452871073,1.0,6.750341452871073,,,,1.0387996021260264,,,,,,0.7855639631245906,0.7948312044028314,0.6181756072047707,0.2650100966209151,-0.22812393864407413,1.0,1.0,0.25,0.75,0.36708843110988054,0.3655543174400509,0.9545476181564145,0.4724233149889933,0.766748390662155,0.9659659659659656,2.214855233726359,0.5055055055055053,0.4296482412060301
four-bar-f2_4_1000_uniform.csv,1.457659004068994,,1.5831109267810928,,169.53849057817226,,1.0,,0.415269695562007,,0.19304494321474777,-0.3061431770985905,1,0.937421743084483,0.045440937812749674,0.0056952418513906596,0.00639478470963819,1.1228293506230498,0.9373150261432972,0.9959858600228805,1.0599166833762765,0.9997316366551507,4,1000,1.0009160119348808,1.4153458601347984,2.9956346704774393,2.9995523474836543,0.005090203781322185,0.04437543812613202,1,1,1,1,1,0.5281886176585798,0.6027439867794622,0.6552789634143865,0.7818544657059258,0.5214797883393981,0.5863794282232417,0.6404029305033163,0.771182916539023,-0.6611182196100326,-0.5566486905983342,-0.483034887455699,-0.3056729715435622,-0.6712806938682032,-0.5802377781638968,-0.5044521933295398,-0.32099060146601865,0.012168979991143232,0.9999999999999999,0.012168979991143232,,,,1.1228293506230498,,,,,,0.7836798350814647,0.8268937932762812,0.618596345309043,0.2226720772758454,-0.24039078233295794,1.0,1.0,0.8,0.8,0.31165004725346424,0.26741702032692083,0.31164124764655504,0.3966367446833241,0.7960208415380686,-1.7567567567567566,0.004005000757873611,-2.2772772772772774,0.48296593186372744
four-bar-f2_4_700_uniform.csv,1.4642790985631893,,1.542306708677194,,168.6740080920463,,1.0,,0.3935727703122942,,0.27293466157221263,-0.158697907323194,1,0.9424548913786271,0.04567677900372056,0.005958851614977677,0.006421378834042522,1.0776201941163084,0.9431054363900128,0.9962251212719544,1.1197582435504212,0.9997423415031431,4,700,1.000071025094168,1.4180748059092645,2.9962835858218697,2.9995925182931216,0.004663236395555164,0.04433768935393778,1,1,1,1,1,0.5002042336482563,0.5771681523102248,0.6357777295802391,0.7813870100619481,0.49338172847616324,0.5614001070740854,0.6259099204126277,0.7667625541146094,-0.7091481053586661,-0.599945865614798,-0.5167861562393244,-0.3101846755385622,-0.7207460667682535,-0.623978970913323,-0.5322033740880099,-0.3318178225971449,0.012345698862798496,1.0,0.012345698862798496,,,,1.0776201941163084,,,,,,0.7450452891034521,0.8250469087256496,0.6011445783959387,0.22316271740888108,-0.24960760473479152,1.0,1.0,0.8,0.8,0.310338138297741,0.26655808635114686,0.31032960696388734,0.4049328039402696,0.8066866935642768,-1.7367367367367366,0.0033306003436245884,-2.2772772772772774,0.47421203438395415
kursawe-f2_3_700_uniform.csv,0.7623106702041343,,0.8109096066609598,,178.1939234109951,,1.0,,0.48691053184508787,,0.2166344521381412,-0.2714421052359697,1,0.9356008801402373,-1.5365651081973228,3.821444334794651,3.975880905828119,1.0404131416038973,0.9365952378626881,0.9996414250618235,1.0046538140027343,0.9996473667366137,3,700,0.00043837666541002296,0.0012449471054463144,0.9975453053001084,0.9996756764867164,0.31856768457944584,11.273539907745006,1,1,1,1,1,0.3102946399695143,0.44871751245672237,0.5401709457398075,0.6811404934085369,0.30028132652131356,0.4669501568063351,0.5381317736413808,0.6731882852245697,-0.4509239685778703,-0.36042417747704225,-0.3006326382692602,-0.20846785085829816,-0.45578972618745006,-0.3472233217181737,-0.3008563304164707,-0.21288187329887176,6.772342427348309,1.0,6.772342427348309,,,,1.0404131416038973,,,,,,0.7879768903858047,0.7954251177946642,0.6160529482665974,0.2645120442866298,-0.19649217832057897,1.0,1.0,0.25,0.75,0.3740166424565247,0.376877300362099,0.9515877887527631,0.4592085025083686,0.7718234205057427,0.9859859859859856,2.1150728248687947,0.5055055055055053,0.40114613180515757
welded-beam-f1_4_200_uniform.csv,5.499031718117627,,6.1644616073059515,,167.843003524609,,1.0,,0.44700783956271545,,1.149619993702483,1.4027004360272608,4,0.8337982027609854,-14.692517093415358,0.6986761912984051,4.629551516145648,6.626176151132597,0.9970675234711759,0.8335307345109794,11690.07378494017,0.9977565953338264,4,200,2.1319891395421564e-05,0.2899886576648698,0.12454040600054855,9.972591657126817,0.10541426516749686,51.62208657387871,1,1,1,1,1,0.495925438984234,0.7217233762289813,0.8757839497114202,1.009049543707253,0.49674110700374324,0.6444602095044056,0.8754461467076536,0.9989460789043426,-2.781713620634691,-1.5356574890195005,-0.6854808905509895,0.04993951478183689,-2.7042495577462917,-1.9104845132186696,-0.6692871350490561,-0.005663219659890473,5.851280108345709,0.9999999999999999,5.851280108345709,,,,6.626176151132597,,,,,,0.45076218637305593,0.7064114024238359,0.42323166029274595,0.3163822441371414,-0.27974512815082475,0.75,1.0,0.4,0.8,0.4946425733227558,0.2972364343162827,0.8780735382728719,0.38194462338084145,0.7147632060318665,0.9859859859859856,1.8418966807997108,0.2652652652652651,0.398989898989899
welded-beam-f1_4_150_uniform.csv,6.412483908756268,,4.8774247600306815,,142.29387371043435,,1.0,,0.49168672582770917,,0.9190453294761206,-0.24710463839266206,4,0.8698262173587499,-15.574987519127331,0.6193180537323774,4.825817200800899,7.792146816514821,0.997454664089487,0.8682443738985142,12509.28061034287,0.9981331605553205,4,150,1.840894242234603e-05,0.3370231850729616,0.12337607980108704,9.974056165008733,0.2664945294958498,41.37673548765176,1,1,1,1,1,0.8586225636571556,0.8201336409634163,0.9366480044425578,0.9243134810521805,1.134176537244673,0.8555020042866006,0.8902934330444545,0.9362472261191421,-0.8015648984518151,-1.0197847941338347,-0.3591855758550908,-0.4291183829890617,0.7503705169115804,-0.808092368179337,-0.613524354149301,-0.35653179664558454,6.307834278820309,1.0,6.307834278820309,,,,7.792146816514821,,,,,,0.42264713370698176,0.6718790386999897,0.3977124534366628,0.34417708945230757,-0.27739857049740374,0.75,1.0,0.4,0.8,0.47791758641631776,0.2976454996437698,0.8974162035815617,0.3869230229160438,0.7271727040047113,0.9059059059059056,0.6838332040565495,0.3453453453453452,0.4391891891891892
unconstrained-f-f1_2_700_uniform.csv,2.6043916315681135,,50.020933614548504,,72.45137282857965,,1.0,,0.018126952984147876,,3.382481896905336,11.900598142980506,16,-0.002081427742490982,1897611103295283.0,418934382727.14813,7530077211009.403,17.97435952139011,0.03340529318570029,0.38617890911502895,3.6507408252313245,0.6138304016765278,2,700,-49.93271392513036,-49.91202025726336,49.8742152221387,49.89814847548146,34746.78052847382,2.8765779423541068e+16,1,1,1,1,1,0.2612434130346653,0.4384410657241135,0.5906316231922223,0.770536334692044,0.269427062807241,0.3739269891319599,0.5355458890540312,0.7456287584941577,-38.550067768764876,-29.303474722867847,-21.36181111176965,-11.973957327985175,-37.48819499301436,-32.12594652283448,-23.83272824661945,-13.052658012255591,7541721873736.403,1.0,7541721873736.403,,,,17.97435952139011,,,,,,0.47149106804950164,0.6583920847586019,0.39418006659646226,0.3785806905382491,-0.14151879516347898,1.0,1.0,0.3333333333333333,1.0,0.5090679886297884,0.507639918189662,0.9999999999999991,0.34970137442820676,0.5139136229094743,,2496878428884.332,13.218218218218219,0.3982808022922636
pressure-f2_4_150_uniform.csv,49.95700124745984,,44.20199995523827,,152.92735714590427,,1.0,,0.6163154654689309,,1.2445512521360185,1.3013017797854047,4,0.8649851580083884,227167.24726102024,26639.16779316058,169434.04055917848,6.360335348113971,0.9177716764346007,0.9486469520348633,3844.337788607783,1.0,4,150,0.0625,50.43775609305594,0.5625,129.9756376292696,732980.7698346494,6721776.661076753,1,1,1,1,1,0.09635507737388166,0.23321359023763968,0.34507408131275996,0.6441664296744297,0.12830293644579033,0.2548956158604821,0.3346110834086948,0.616155815616744,-37.4339509077382,-31.764517346423684,-27.130639562600777,-14.740586782894859,-35.494467819068454,-30.33976445538666,-27.093845413242185,-15.629678726433816,237420.78145077502,1.0,237420.78145077502,,,,6.360335348113971,,,,,,0.6915371799423402,0.7095426109356401,0.5705727103147777,0.3484697414324268,-0.19279185713175964,0.5,1.0,0.2,0.8,0.5665036995451249,0.32950517584261174,0.9999999996261462,0.37368539246582233,0.658643504695584,5.09009009009009,23408.272761782944,4.32932932932933,0.3581081081081081
unconstrained-f-f1_2_50_uniform.csv,4.897859736697059,,52.5327320776034,,70.54145201959028,,1.0,,0.20418305905268927,,2.4710563795302667,5.256759637440876,12,-0.042026858675806134,2174638414391380.8,11866248426833.104,25704554122217.715,2.166190458653478,-0.01654343052136964,0.5346099818832046,3.5463465988962026,0.6935078290272494,2,50,-49.11057450354181,-47.18576393090288,47.721646247731066,48.92751646098121,5570900.585705296,2.2091631056377684e+16,1,1,1,1,1,0.12914545333782976,0.5009065471209105,0.45970592925621184,0.8271598344495364,0.13401766659817588,0.6625708032652676,0.3890220771151562,0.7899171230521443,-44.26133746363212,-25.366513648507503,-27.460542390745903,-8.784632202955954,-42.413587736646896,-16.526414325792196,-29.92412747686663,-10.289319065427833,28311339677757.02,0.9999999999999999,28311339677757.02,,,,2.166190458653478,,,,,,0.4509598232117011,0.6638624106648315,0.4744173002566424,0.3484899258832423,-0.2638583593614098,1.0,1.0,0.3333333333333333,1.0,0.6044736535195833,0.5876049641864577,1.0,0.42618492329666147,0.7150325647339585,,1850898557317.1274,13.238238238238239,0.6458333333333334
speed-reducer-f2_7_100_uniform.csv,1.3421110076912077,,0.6179755988245763,,89.26894370853202,,1.0,,0.3614096283785987,,0.4343803774375958,-0.9591314125376926,1,0.9745060729967452,4577.199245776605,1.8551537654763735,992.1294725532329,534.7963554376691,0.9690465227895521,0.9996256935061806,12411.356411147115,1.0,7,100,0.70128752350666,17.310644330644568,0.7994674670771602,27.970931976484646,702.8584690988963,1679.4899260954169,1,1,1,1,1,0.41852486979245795,0.4930915511860318,1.1182509957207185,1.024579363273834,0.4871938025261642,0.5081432863223749,1.092122274420965,1.0104205963301587,-2.218149492258776,-1.9337004455496887,0.451091323584873,0.09376274123097783,-1.6804765150293068,-1.6118246233498672,0.3018865985593231,0.03414850969371486,994.3316923278558,1.0,994.3316923278558,,,,534.7963554376691,,,,,,0.2114374542009658,0.7677949718419534,-0.06434002882305219,0.2274977806356941,-0.5764519241515635,0.14285714285714285,0.8571428571428571,0.125,0.75,0.9637775454349844,0.17812536496691203,0.999877122753695,0.25730643281505444,0.8733259012693529,3.0680680680680688,198.34106777623336,2.6476476476476476,0.5204081632653061
four-bar-f1_4_50_uniform.csv,1.167761003252297,,1.2559041591721252,,123.08532213669368,,1.0,,0.4793783994883489,,-0.04065557708277953,-1.228207010433702,2,0.9999022066414653,352.924449750741,68.35111803655116,400.1233372708538,5.853939902737005,0.9999072992270187,0.999999189659596,132.70884218973686,1.0000000003165055,4,50,1.0034867778696344,1.4728267205590897,2.9468309749385684,2.9994919785989413,1435.2752651040769,2418.110632066106,1,1,1,1,1,0.4832870817682675,0.8607311369777354,0.7611807345648582,0.8442452948821797,0.44966010697716585,1.033138067869264,0.8191218529910178,0.8149514614722762,-0.7527857753592346,-0.2028972284888697,-0.34792965214910576,-0.22691502828923604,-0.8290507228305761,0.0499203119172793,-0.272480989336221,-0.2787634088862714,462.58597454470606,1.0,462.58597454470606,,,,5.853939902737005,,,,,,0.6204178878506614,0.7697181280242752,0.5315744900594638,0.2810760184808704,-0.31972105144526913,1.0,1.0,0.2,0.8,0.41797084598170514,0.3356027516501594,0.9999905840703369,0.42400051626116003,0.8605699877873684,2.6476476476476476,97.04808877380307,2.2472472472472473,0.4375
gear-train-f1_4_50_uniform.csv,29.87473849257931,,30.813957876261206,,152.4265279776741,,1.0,,0.41594734935406785,,1.9231838979492195,2.2475417495906154,10,0.5309184200851047,6.75422293079668,0.11651827408067567,0.2702235884392057,2.319152000587535,0.7470014662346693,0.550003214616639,14.379729431693901,1.0064267094470072,4,50,12.0,15.0,60.0,60.0,0.002424365860459771,30.038299119863332,1,1,1,1,1,0.512141770073823,0.7392506626676988,0.5487922225595941,0.8262179432627086,0.4464641386946561,0.6679273655404009,0.6278441277482169,0.8254732126999265,-19.845507079020262,-10.606980680967634,-18.354609171311026,-7.069252552546857,-22.93669871020132,-13.759993704005225,-15.42091075172931,-7.2318139022125365,0.42454783643477406,1.0,0.42454783643477406,,,,2.319152000587535,,,,,,0.6543609239240403,0.7911051164224254,0.46608132640324645,0.25249635587580693,-0.2674402121299841,1.0,1.0,0.8,0.8,0.3439388268579339,0.3148659482313495,0.3410471985981625,0.35582029045285457,0.6846127366758117,0.10510510510510507,0.016342878909167077,-1.6166166166166165,0.4583333333333333
speed-reducer-f1_7_700_uniform.csv,5.022884271792794,,5.522071806365626,,171.718017437699,,1.0,,0.18803266412434055,,0.37019055425178715,-0.7266022200355775,1,0.9862893835232092,-13771.065636588242,15.308226100143068,7458.58829446683,487.2274714048758,0.9971979319857482,0.9883411680228893,20643.569149349234,0.9999635609432478,7,700,0.7000710274139227,17.00198118848721,0.7999065432898663,27.997182901516794,2683.993062251481,6555.49773684602,1,1,1,1,1,0.284960220889427,0.31525257966011877,0.3114668754691709,0.4142595364205399,0.3214575423559836,0.3275324658672962,0.32746662243613994,0.3998128587331248,-2.8111854896313293,-2.692090801600405,-2.706974332559853,-2.302844037506162,-2.3105859632863597,-2.289899515688056,-2.2901237270194033,-2.043768917233706,7542.002264134176,0.9999999999999999,7542.002264134176,,,,487.2274714048758,,,,,,0.6168448966409462,0.8244462342574802,0.4628823143327207,0.21642004213648358,-0.2256904759299806,0.14285714285714285,1.0,0.125,0.875,0.9677611409522849,0.1623844151681936,0.9999964204439654,0.24969213906149718,0.8584508298824824,3.488488488488489,321.74181506763716,2.8078078078078077,0.6031518624641834
welded-beam-f1_4_50_uniform.csv,4.809363263770731,,5.449290818296746,,162.42897499115858,,1.0,,0.43582989829010155,,0.3046035532205438,-1.1117494415874556,3,0.8111442452447445,-12.495026629361359,0.4104197387959827,4.408848268943133,10.742291006463377,0.9976928985580712,0.8537211172213529,1761.6656882693565,1.000024380541522,4,50,0.001544580419163874,0.2722350079684161,0.11694529468466446,9.828246387305617,0.4572376934287623,33.40561511057495,1,1,1,1,1,0.29121577292638584,0.34766301106346675,1.1086942277379646,1.0586063555718148,0.2741218037177823,0.38337572831246725,0.6912216587357738,1.0941746662436602,-3.6042919550266777,-3.3172478610279192,0.5527291884178656,0.29802358437497567,-3.584526022123917,-3.0450091476198766,-1.524806785764854,0.46505259905063845,5.906504424512024,1.0,5.906504424512024,,,,10.742291006463377,,,,,,0.3627241955095471,0.656462293800063,0.24808593863727374,0.34554018544937765,-0.3565577704435721,0.75,1.0,0.4,0.8,0.5516651544240366,0.3389095755525552,0.8856219000949734,0.40415444517404653,0.8025250214627956,0.9859859859859856,1.679674872092653,0.36536536536536524,0.5416666666666666
four-bar-f2_4_400_uniform.csv,1.2949983635898656,,1.3959792135238143,,170.46131939648927,,1.0,,0.3831925299993359,,0.17338147368283552,-0.46944438915205255,1,0.9397422382701325,0.04615357922534021,0.006018036521460671,0.006345075235325409,1.0543430922525143,0.9394163704353904,0.9962348839060452,1.1362181205700894,0.9997300524181446,4,400,1.0060891927083802,1.4216976849047451,2.986617372199959,2.999545159299384,0.006871223467199426,0.0405346222815398,1,1,1,1,1,0.6452213426880085,0.6716569694275076,0.6774549352632515,0.8032542847903855,0.70848956496883,0.7131622067975848,0.6908192075570238,0.7971521299906138,-0.5001905603883171,-0.4629198546101555,-0.454745496540068,-0.2773852020589713,-0.40998257870730104,-0.4034109383263189,-0.43483430896387776,-0.28528684684251226,0.012389629538489499,1.0,0.012389629538489499,,,,1.0543430922525143,,,,,,0.7851271561931592,0.8209605141450332,0.6440532127447308,0.2346218444554081,-0.29395788450667504,1.0,1.0,0.8,0.8,0.3233029989212246,0.26424845755571946,0.32329308329446976,0.38701220522083896,0.8085804888550038,-1.7767767767767766,0.0038245697224669993,-2.3173173173173174,0.4798994974874372
kursawe-f1_3_50_uniform.csv,0.6434847996071766,,0.5784093064423368,,159.13730683242923,,1.0,,0.4679498005945126,,-0.3414908296033255,-0.41904816055184657,2,0.953946497082741,-19.486370224450173,1.1630410268934577,2.1987478274729453,1.8905161353988635,0.9854824364218824,0.9710824149158799,6.2710385894810114,0.9993319451852071,3,50,0.003898609590318402,0.007217002541377249,0.9629123976214756,0.9782199876903548,-19.294480793105265,-15.931796437480413,1,1,1,1,1,0.18325755825698278,0.35621770900336197,0.580735454270111,0.8781020564237219,0.19040201284719033,0.35966538482965926,0.5805494172684142,0.9063864816203496,-0.5431518965584766,-0.42812954788947644,-0.2788202516902744,-0.08106484474926545,-0.5374347423815692,-0.4250727822982076,-0.27844352314280146,-0.062143382187415885,2.79582549071961,1.0,2.79582549071961,,,,1.8905161353988635,,,,,,0.6412877429665067,0.7510269437662086,0.4315919167458429,0.29820920600882556,-0.409348982904965,1.0,1.0,0.5,0.75,0.38810007624045667,0.3739172260933202,0.7944877445786976,0.4662384303089589,0.8114213453909026,0.4854854854854853,1.1890234632329348,0.22522522522522515,0.4583333333333333
speed-reducer-f1_7_50_uniform.csv,5.137269665990496,,4.943753093735961,,176.2830685893308,,1.0,,0.29013510092256795,,0.27451001450930074,-0.8917197550061298,3,0.985344726878268,-12340.061815414658,17.96950200710409,7206.465295665743,401.03867613118763,1.002212271360738,0.9835083514017849,6113.281594667604,1.0,7,50,0.7002689162651461,17.175705861483873,0.79702846287094,27.977477341873694,2813.3181656395445,6484.365430390644,1,1,1,1,1,1.4680118431191853,0.22207971629918158,0.2801831250309685,0.47316762216054237,1.2977685662241907,0.2562593623817313,0.29347643079635977,0.39577719106724574,1.9951223164249345,-3.3162539393599717,-3.0685606189334065,-2.2458727262913305,1.142060352163755,-2.8525398274487537,-2.709797634076631,-2.3174337127162294,7290.36398382406,1.0,7290.36398382406,,,,401.03867613118763,,,,,,0.4891059088256159,0.7970188729244752,0.3203280465618449,0.23917948399328232,-0.28045136554672695,0.14285714285714285,0.8571428571428571,0.125,0.75,0.9695183833241059,0.20853092677690357,0.9999967629962281,0.2834807839134143,0.8807096298654132,3.348348348348349,176.70435260889465,2.5475475475475475,0.625
gear-train-f1_4_1000_uniform.csv,33.61547262794322,,39.52214569073901,,160.84509347788773,,1.0,,0.3649604743301428,,6.712420884239462,55.93606461140812,13,0.28552309655801944,10.053891564625442,0.2309331714545666,0.3191656394284486,1.382069268863095,0.5688408034830854,0.3628530938975161,7.29264744313745,0.7628839034939687,4,1000,12.0,12.0,60.0,60.0,3.5143862996282244e-07,180.2883368919697,1,1,1,1,1,0.5259511880470067,0.578966709303378,0.6631133036328211,0.811972335798841,0.5213832211525584,0.54192508310552,0.6392197385907078,0.7956535151239089,-18.18344088748745,-16.149885328276063,-12.922212174599778,-7.212316181383326,-18.46245225422451,-17.670058083604946,-13.916955369963834,-7.882584537526206,0.5507214603636115,1.0,0.5507214603636115,,,,1.382069268863095,,,,,,0.6895045240579636,0.8104331692527257,0.5290089840039762,0.2389452868896705,-0.11982141601047988,1.0,1.0,0.8,0.8,0.2692158334681959,0.267221195623767,0.32855828545730686,0.3179164825284419,0.634052652171614,0.7257257257257255,0.007636298261282242,-1.4764764764764764,0.4759519038076152
four-bar-f1_4_400_uniform.csv,1.4634827324576776,,1.5175557249455864,,169.9367761227595,,1.0,,0.4241972333805495,,0.061259237515169325,-0.6940389958021806,1,0.9998980690797785,350.93544700409313,68.0260048688336,399.7954579157542,5.877097423060959,0.9998967499728716,0.9999990546120934,9769.113799540428,0.9999999873694919,4,400,1.0060891927083802,1.4216976849047451,2.986617372199959,2.999545159299384,1273.108896010153,2553.7904419611705,1,1,1,1,1,0.4869847402650649,0.654003789096583,0.7328677014728175,0.7973577686143742,0.4281768767995377,0.610960020038623,0.7285038833568788,0.797815308385144,-0.7232830525904974,-0.48780848299964785,-0.37662089120718467,-0.28569850295695676,-0.8042165577678918,-0.5471489011628259,-0.38183428321687085,-0.2843541475094562,462.34469852113796,0.9999999999999999,462.34469852113796,,,,5.877097423060959,,,,,,0.7491739142520285,0.81408141298652,0.580700906977917,0.2446081584528804,-0.25665495924819565,1.0,1.0,0.2,0.8,0.3233029989212246,0.26424845755571946,0.9999878909835673,0.39040493947200694,0.8185524393456233,2.6676676676676676,127.96968682159417,2.2872872872872874,0.4748743718592965
kursawe-f2_3_200_uniform.csv,0.6889179266209945,,0.753728580394201,,173.12060715287166,,1.0,,0.4970440823943692,,0.46061660836192936,0.036031817971564184,1,0.9465027421426538,-1.5450718589245995,3.884616756626796,4.052509956595166,1.0432200164101026,0.9457260902506742,0.9996442642778278,1.0058940806178096,0.9996776568994152,3,200,0.0003768101400795088,0.004492427137316901,0.9924563856226986,0.9985577736533074,0.5055690588354149,10.610072832865079,1,1,1,1,1,0.23033967540487157,0.40442583439771096,0.5084893408008258,0.7110390397367321,0.2540309279806271,0.37182108787034085,0.5054715501858441,0.6880020928690291,-0.5290857207058856,-0.40941409680595614,-0.3378779742788706,-0.19863972850254352,-0.5168739973563318,-0.43525845446709965,-0.3426534775361768,-0.2161800153309928,6.88560910978469,1.0,6.88560910978469,,,,1.0432200164101026,,,,,,0.7305098492759111,0.7655658823155858,0.5251656822231368,0.28830677545694805,-0.23005031239534207,1.0,1.0,0.25,0.75,0.36058290386386416,0.3585672668184332,0.9570111151845424,0.47558847687674927,0.7408670249733615,0.9859859859859856,2.214855233726359,0.5855855855855854,0.37373737373737376
four-bar-f1_4_700_uniform.csv,1.4279498222473803,,1.5957007729420767,,149.07571759167666,,1.0,,0.43823251737079255,,-0.017790378130899523,-0.8479396353962776,2,0.9998979460876856,351.20503385956545,67.86901083771247,399.859974827066,5.891642885192569,0.9998981781272916,0.9999991582172642,713.3977093831246,0.999999988711804,4,700,1.000071025094168,1.4180748059092645,2.9962835858218697,2.9995925182931216,1318.4150215947193,2582.557946706861,1,1,1,1,1,0.5827339922490702,0.59783002641498,0.6559220767955661,0.8030419119896882,0.5760531055900915,0.5641275367466234,0.6297690364989731,0.7914041194255645,-0.5920486301576572,-0.57062923298003,-0.48820382997091316,-0.279459059781791,-0.6031327211027779,-0.6200987630342112,-0.5267131600614425,-0.296761228164687,462.3370631938626,1.0,462.3370631938626,,,,5.891642885192569,,,,,,0.6806762778051371,0.8211048227461972,0.5540446783190601,0.22620205161741055,-0.2169248378213673,1.0,1.0,0.2,0.8,0.310338138297741,0.26655808635114686,0.9999889054821932,0.3986122762463181,0.7701938161118471,2.6676676676676676,101.62650893929951,2.2872872872872874,0.4369627507163324
speed-reducer-f1_7_200_uniform.csv,5.250695371640199,,5.459687241373893,,175.98314917521694,,1.0,,0.2397320542158003,,0.3968052648524005,-0.5966145988585003,1,0.9832821691417252,-13068.832040488074,10.253478279186227,7135.459842433447,695.9062718178164,0.9972854256042881,0.9873194001840321,4402.891905821635,1.0000728568132708,7,200,0.7001040609039108,17.11395837878348,0.799577881979792,27.974895645589207,2747.967720637177,6558.4802957129505,1,1,1,1,1,0.19371548354430207,0.3851118826195124,0.4281660849654583,0.44972225568847635,0.220449628852071,0.35909425423352404,0.41565457085155083,0.44406607394920966,-2.977026583226534,-2.2703378693151546,-2.111369785112166,-2.031778410150521,-2.4899725579599847,-2.047125853904025,-1.8664657689873443,-1.7757161963338268,7218.213782877009,0.9999999999999999,7218.213782877009,,,,695.9062718178164,,,,,,0.41767736368779984,0.7898720647859527,0.2919983691429329,0.24172434871522683,-0.25613088791878197,0.14285714285714285,1.0,0.125,0.75,0.9629891913454047,0.19060215516844833,0.9999966340645331,0.26888100775482143,0.8660476978129583,3.408408408408409,510.16153147498335,2.7677677677677677,0.6313131313131313
welded-beam-f1_4_1000_uniform.csv,7.052920330252711,,6.609528862342819,,174.844930406014,,1.0,,0.46846881681174163,,1.1319906936087287,0.8477737404716827,8,0.8552504131620782,-15.802081328865293,0.6801135650858687,7.128048826980675,10.48067439454867,0.9971356709389466,0.854902473518846,208079.56949889482,0.9971550398219868,4,1000,1.7169812987286034e-05,0.10794766247153834,0.12492272301009527,9.993458689125232,0.06015483285201451,51.583349092218256,1,1,1,1,1,0.7543760372880526,0.8329017330176235,0.868348578599262,0.9075833855391084,0.7401448415331405,0.8171104655518104,0.8510600781255407,0.8961305871882959,-1.3796529610839423,-0.9385795110902562,-0.7394770093317256,-0.5190977882880654,-1.4281250744422742,-1.0051335195327447,-0.8185515279717483,-0.5708507530856215,8.867589999029198,1.0,8.867589999029198,,,,10.48067439454867,,,,,,0.4844622299352762,0.7444767505986185,0.4133030914606096,0.28214076831942303,-0.16468480238186062,0.75,1.0,0.4,0.8,0.45312746164316703,0.262709652283932,0.89214808125727,0.3884130120275041,0.7512951220461401,0.9659659659659656,1.1092898648952227,0.22522522522522515,0.45190380761523047
speed-reducer-f2_7_150_uniform.csv,0.7844097425599922,,0.838098051931997,,89.25732306263971,,1.0,,0.36597648043633746,,0.4431253389827484,-0.9635136193434772,4,0.9754864202260671,4475.249252635475,1.3887247754649323,972.1659370768708,700.0421928465981,0.9758650244100192,0.9996181358657158,79119.0167545563,1.0000010922646139,7,150,0.7024698072195082,17.08343698239154,0.7998608705603619,27.950020074352512,700.501918789076,1682.1549539372659,1,1,1,1,1,1.249664759924192,0.9841425967085232,1.0949176490505823,1.0487735109247542,1.180578504227471,1.0793908395025777,1.1872806478835873,1.065578142111623,0.9731812151785433,-0.061811394645609585,0.36998442660864095,0.19011679759966382,0.615121104925993,0.27043629099015787,0.6379512309631976,0.2233848342429603,981.755625122595,1.0,981.755625122595,,,,700.0421928465981,,,,,,0.27374121592320794,0.7602918135349939,0.19164601347754479,0.24232668078402572,-0.5080567443024618,0.14285714285714285,1.0,0.125,0.875,0.9674614151010827,0.1784534595108675,0.9998666973780124,0.2569352141446181,0.8505599852577663,2.947947947947948,176.70435260889465,2.4874874874874875,0.581081081081081
speed-reducer-f2_7_1000_uniform.csv,4.675995979287626,,5.228369437334363,,173.41931809755246,,1.0,,0.3431861309558046,,0.3360480262262984,-1.0790218747942104,3,0.9774501314613602,4306.428837927547,0.35266976819367657,961.8166283877172,2727.2443377100412,0.9772807702573632,0.9996475769682223,12576.43007296491,0.9999957391532223,7,1000,0.7000272465969419,17.00308570122398,0.7999024977872109,27.99416984017988,694.7311982903891,1693.7617480964057,1,1,1,1,1,0.9897523920875634,0.9822495810685117,0.9895210121266288,1.014039382735475,1.0062320493741814,0.9933948175308089,1.0055262245619454,1.030958104531945,-0.038761442550759195,-0.06714072684511985,-0.03963663421888297,0.05310378109693348,0.020505580335040463,-0.021733316220298615,0.018183174570777894,0.10186278403543003,962.7269930121088,1.0,962.7269930121088,,,,2727.2443377100412,,,,,,0.36664222051529444,0.8232099139475981,0.3756055634372007,0.20565031750989912,-0.3794706516918679,0.14285714285714285,1.0,0.125,0.875,0.964633543642107,0.15839829427718902,0.9998743059367053,0.24955396990697334,0.8090441866378694,3.0480480480480487,153.88177500383463,2.4674674674674675,0.5340681362725451
gear-train-f1_4_150_uniform.csv,35.40127116361784,,36.40398329853479,,159.96411350626124,,1.0,,0.4116951009053143,,6.040521025705034,44.912692457772934,7,0.31816163971794786,11.225354267350674,0.1968982684048094,0.35250327874041415,1.7902812533408952,0.5748738279347831,0.3590763731356389,188.2652673402273,0.7101326073415759,4,150,12.0,12.0,59.0,60.0,0.00040567574172031633,126.12908688497656,1,1,1,1,1,0.7470959433734757,0.682299463275436,0.6952928626534896,0.7902754441209403,0.7312532555292657,0.7205674143645054,0.7098815731997452,0.7869345938805027,-9.828879083163638,-12.347133540579314,-11.842157254039403,-8.150748263993172,-10.498336255077817,-10.91576848830147,-11.333200721525124,-8.323197671370423,0.5727257395404427,1.0000000000000002,0.5727257395404427,,,,1.7902812533408952,,,,,,0.7066075526255677,0.7750989604193543,0.48498165937464227,0.28495362296421867,-0.20356584380812273,1.0,1.0,0.8,0.8,0.3186773001998192,0.31039265041089653,0.29216185495424635,0.30493068277123997,0.5701000393693995,0.7657657657657655,0.008768856094587427,-1.5165165165165164,0.4527027027027027
welded-beam-f1_4_100_uniform.csv,6.271314331818879,,5.945205546757551,,152.33962708105972,,1.0,,0.42557525918168737,,0.960805334583042,-0.15938268901729913,3,0.8760588368787556,-15.010867359653753,0.7091673185641427,4.986759862908309,7.031852332119655,0.9980717458639143,0.8801666846791049,1435.7741439122115,0.9984915528264586,4,100,0.0007991865445143852,0.15631030383223765,0.12496176166509487,9.999229782527902,0.03385375234018558,40.51487178420192,1,1,1,1,1,0.8444761295555111,0.9893657763479082,0.8350172040679211,0.9471250704182477,0.8605019314904798,0.8955480053643653,0.7970940541413044,0.92526024145072,-0.8746323703760419,-0.05980455741845603,-0.9278273069267886,-0.2973570864805666,-0.7698962669902754,-0.5764753706548653,-1.1198472633768368,-0.41249217080678235,7.3122395958226605,1.0,7.3122395958226605,,,,7.031852332119655,,,,,,0.4654188010614446,0.6861220020315999,0.48287367266520026,0.3346130252115871,-0.259726222896869,0.75,1.0,0.4,0.8,0.5092432644043127,0.31045912202551285,0.8977055928632497,0.4151992143435632,0.7556662518888205,0.9259259259259256,1.3339056900390587,0.04504504504504502,0.46938775510204084
pressure-f1_4_700_uniform.csv,40.868172860022376,,50.69232093560058,,158.48575070603184,,1.0,,0.16975060459402075,,0.920168472992471,0.3532701413870738,1,0.9045095342424949,-12437.87923878379,20.31049259915021,15422.886993953396,759.355634466428,0.9947974599325307,0.9086020628817902,55635.83811591333,0.9998420007766499,4,700,0.0625,50.30934184725103,0.5625,129.76991334625436,616.164233138841,23056.439677475097,1,1,1,1,1,0.7996764547980871,0.8325046557737492,0.8911657406694625,0.936575300856949,0.7460309073072066,0.8050000853580768,0.8620740147226629,0.9240436048909976,-8.183198033738591,-6.8421691027437745,-4.445869286405511,-2.5908930115765614,-10.165110345295911,-7.804869595120934,-5.520486154288548,-3.0401539397073805,16873.88235344251,1.0,16873.88235344251,,,,759.355634466428,,,,,,0.2543571149171596,0.5087856293663979,0.2310188182225676,0.44397310527313316,-0.44576734747353786,0.5,1.0,0.2,0.8,0.5183854520298367,0.26354496689558954,0.9999506366263629,0.39765529066452193,0.8628773993439641,4.089089089089089,642.4033659394191,3.128128128128129,0.6489971346704871
speed-reducer-f3_7_50_uniform.csv,5.437816075765577,,4.653857834891858,,10.816062504263028,,1.0,,0.31564101715241494,,0.03318975424908973,-1.5760580019643056,2,0.9981070413597696,3527.7444574713872,0.04162857041168996,497.5604772473253,11952.379635588026,1.0015384336735202,0.9999947375899106,62307.927161944455,1.0,7,50,0.7002689162651461,17.175705861483873,0.79702846287094,27.977477341873694,754.8233802344897,1001.5067087825428,1,1,1,1,1,1.4467245264396749,1.6647507313908183,1.2411306374804716,1.0896849733799523,1.3166122181401425,2.121301243125253,1.1557491677927354,1.0940193874471908,1.9043750390034093,2.833815080871511,1.027933636902742,0.3823247092333766,1.2143332183566908,4.300634243713693,0.5973597269654736,0.3606015775933713,497.6908463995002,1.0,497.6908463995002,,,,11952.379635588026,,,,,,0.11747653002161597,0.6089839197293095,0.32342292866384104,0.30822818222213133,-0.6019925192132528,0.14285714285714285,0.8571428571428571,0.125,0.75,0.9695183833241059,0.20853092677690357,0.9982251895898451,0.28263465413053646,0.9085416253378771,2.5075075075075075,54.5572016514953,1.9669669669669672,0.6041666666666666
pressure-f1_4_50_uniform.csv,41.045172027032386,,35.02356082108965,,111.17001260214424,,1.0,,0.22010864744597897,,0.7927596340586622,-0.3375459834602612,3,0.8616775109535038,-11874.253915185813,12.512134350256925,15377.152340622093,1228.9791581646768,0.9944667641325832,0.8460866386558118,113500.9091071716,1.0000109053632975,4,50,0.0625,50.13859144581627,0.5625,129.04823157512078,1378.2722202327627,15894.239192124049,1,1,1,1,1,0.9637631421928259,0.8827635610495473,1.1877593890731502,0.9091058097448637,1.370555289952977,1.0128557266144957,1.1852668592273452,0.9026959130047636,-1.5540310020100847,-5.027727891412162,8.052130598376046,-3.8980308477828274,15.583516144510881,0.540641109918667,7.791304483005838,-4.0920743860101965,16847.958746300978,0.9999999999999999,16847.958746300978,,,,1228.9791581646768,,,,,,0.28915513879034954,0.5696738643646624,0.33554038632978384,0.41107646192925446,-0.5120807712547104,0.5,1.0,0.2,0.8,0.5583576395819655,0.31442310798896655,0.9999392381769358,0.37491599504400763,0.9553490502169041,3.508508508508509,140.32890847858732,2.6476476476476476,0.5625
four-bar-f2_4_100_uniform.csv,1.1272512359730877,,1.3949879502398934,,162.36609113394252,,1.0,,0.39316097044539866,,0.6410688954209494,-0.09969392658668896,1,0.9524338073202813,0.04350417395946638,0.005239727398171313,0.006303565109507926,1.2030330264333782,0.9520262542012045,0.9968195676715096,1.1926251782638257,0.9996591589888907,4,100,1.0018126289137053,1.4298363810361625,2.986880980234363,2.9965601018152848,0.008263554922895922,0.03977192167511587,1,1,1,1,1,0.6532435753896988,0.4373717354949179,0.5894660315497713,0.8035955823871912,0.6476669380795029,0.41683442915318336,0.6009115687146017,0.8033906830747162,-0.4949585676984465,-0.803093065280802,-0.5859943481769536,-0.28034678619302933,-0.5072489389620372,-0.8395752457598973,-0.5745619846689878,-0.28305566005300076,0.011769235570791401,1.0,0.011769235570791401,,,,1.2030330264333782,,,,,,0.7263216118874701,0.8125729477192545,0.6003374554717891,0.24128061268443532,-0.33426199881986624,1.0,1.0,0.8,0.8,0.3156145667148052,0.30753606352107243,0.3156140135245675,0.42542053719257994,0.8284474776349356,-1.796796796796797,0.0036522673643081755,-2.2972972972972974,0.47959183673469385
kursawe-f1_3_150_uniform.csv,0.6728331385228903,,0.7356978506326665,,170.90379057047326,,1.0,,0.5194646191290143,,-0.31983770571866993,-0.44905157421464903,1,0.9500174134133665,-19.57574583405842,1.230675714674262,2.2592263894681897,1.8357609259122878,0.9851888307380425,0.9643715352844394,2.7632936700293786,0.9997031070468986,3,150,0.001074985110475768,0.008934653198578446,0.9923362389172464,0.9973437749788212,-19.335057222280305,-15.345185406683955,1,1,1,1,1,0.1862270429004445,0.4124489541793733,0.5102153407148824,0.6657600168641937,0.1866084485749687,0.3776553635133018,0.49442185307400816,0.6443718723144115,-0.5487041848835381,-0.396169121696479,-0.3302480008666888,-0.22536860668814707,-0.5500948683307434,-0.42089027143779995,-0.34192135838749016,-0.2405104991946101,2.8870989911915252,0.9999999999999999,2.8870989911915252,,,,1.8357609259122878,,,,,,0.7900112010664795,0.7416188305190202,0.5610686165096158,0.32970358017570023,-0.2888267533150073,1.0,1.0,0.5,0.75,0.3624969636754437,0.36074501447821233,0.8245615792116029,0.4834577274204201,0.7709079770100945,0.5255255255255253,0.8033501977124734,0.20520520520520513,0.43243243243243246
speed-reducer-f3_7_400_uniform.csv,1.4741515221298334,,1.8950525642894607,,167.59882710169322,,1.0,,0.3051489683316154,,0.08743160106020209,-1.1982818090785448,4,0.9975449245470706,3503.773104593646,0.01871392474922042,498.93727065289994,26661.28443600183,0.997527040908184,0.9999958772386891,72902.59392664292,0.999999993944065,7,400,0.7003323293050808,17.041460820052215,0.7996946356643126,27.978290960799512,754.9989319004852,1003.9364410486992,1,1,1,1,1,1.0036707038228248,0.9554987844812382,0.9324176149307755,1.0610284371758905,1.064999205863486,0.9873932823866828,0.9191456770021617,1.052120922880058,0.014259669279190756,-0.17287491621463014,-0.26253887720215996,0.2370786020225415,0.21945916774060148,-0.042564516267630026,-0.27299137270388396,0.1759777554998605,499.03869216395265,1.0,499.03869216395265,,,,26661.28443600183,,,,,,0.2743977573697866,0.7867263125130465,0.26370978723548555,0.2271893807563885,-0.5301650515143713,0.14285714285714285,1.0,0.125,0.875,0.9657569327002015,0.17620108949245725,0.997997045819566,0.25802735600904486,0.8660326855728372,2.6276276276276276,70.28244264308353,2.2072072072072073,0.5527638190954773
kursawe-f1_3_100_uniform.csv,0.5761934400967895,,0.6171787403231033,,160.39844885989666,,1.0,,0.4964183433203897,,-0.10305480974924952,-0.9395672923130101,1,0.9579886443321258,-19.594435225423517,1.2007077046381507,2.33051814169754,1.9409537664288352,0.9859057843362344,0.9731868152966217,1.694375545724194,0.999750433875385,3,100,0.00019808250892605628,0.012761571544611884,0.9847580805271368,0.9971505225387366,-19.00553253432794,-15.622733196715105,1,1,1,1,1,0.8211127715416209,0.4338357308116493,0.5170636480997968,0.6208997399291127,0.8257391369812241,0.4242339855964835,0.48803045198726797,0.6099428018596342,-0.1156100005763776,-0.3658967275152265,-0.31210876484973005,-0.24500229369642995,-0.11198912889904644,-0.3700173021395988,-0.32901836196350515,-0.25067112077733567,2.9105916888064183,1.0,2.9105916888064183,,,,1.9409537664288352,,,,,,0.7536260163014717,0.7703236388127073,0.5999591275443793,0.29299721321746175,-0.35790495642193204,1.0,1.0,0.5,0.75,0.394269090831818,0.39471295140631424,0.8321492571911371,0.5116058392823368,0.821436886719063,0.5655655655655654,1.0115911122238297,0.12512512512512508,0.3979591836734694
kursawe-f2_3_50_uniform.csv,0.6434847996071766,,0.5784093064423368,,159.13730683242923,,1.0,,0.4798619600694937,,-0.08691830249811551,-0.8961854921120644,1,0.9327821269827892,-1.397409161980528,3.6083299256278623,4.133774820320846,1.1456199697707947,0.9310941306232424,0.9995839998064835,1.0238206071783251,0.9988638430677862,3,50,0.003898609590318402,0.007217002541377249,0.9629123976214756,0.9782199876903548,0.6130270737520986,7.795732209777127,1,1,1,1,1,0.18325755825698278,0.47181414699802693,0.44413948697744055,0.7557342843378109,0.19040201284719033,0.49991531904370906,0.46213512841808896,0.8279999334566162,-0.5431518965584766,-0.3512553445626436,-0.369659609247008,-0.1624421359112821,-0.5374347423815692,-0.33197078790165657,-0.3570503796721513,-0.11417865770324431,6.614913544604645,1.0,6.614913544604645,,,,1.1456199697707947,,,,,,0.6582395271453818,0.7450919428987927,0.3793315697603464,0.3037734740175437,-0.4694547484414507,1.0,1.0,0.25,0.75,0.38810007624045667,0.3739172260933202,0.946163234681007,0.45081237559860304,0.7866050449823723,0.9859859859859856,1.9742886324203281,0.3053053053053052,0.5208333333333334
four-bar-f2_4_150_uniform.csv,1.1061071510083278,,1.154795802676123,,124.52679193618869,,1.0,,0.3791578327534426,,0.2533782569867894,-0.788019498349827,1,0.941697360391697,0.04298235252973678,0.005750129661002652,0.007011707762810363,1.2193999398593962,0.9448941705626519,0.9950854325654522,1.0768469321764242,0.9996562248651479,4,150,1.0116510248241857,1.4309202466439543,2.9724469877897346,2.9916849154056586,0.008486829780893695,0.0359495674621306,1,1,1,1,1,0.5475946861131482,0.5935644264356792,0.6435687815234467,0.7624861065097849,0.6274577674222223,0.6030284984862686,0.6335199701119167,0.7544692096875181,-0.6196113045744915,-0.5566514544182712,-0.48816582275284226,-0.3252974465212535,-0.5105616961984049,-0.5440415218238754,-0.5022535683747956,-0.3364950489061769,0.012343493667702907,1.0,0.012343493667702907,,,,1.2193999398593962,,,,,,0.7470907961279265,0.8287628794410274,0.5468924740045151,0.23079667518710767,-0.3664038364852895,1.0,1.0,0.8,0.8,0.35633505098261264,0.3090964111149114,0.35633459847471444,0.3899323469952629,0.8077852998843508,-1.7367367367367366,0.003108907797518116,-2.2372372372372373,0.43243243243243246
pressure-f2_4_700_uniform.csv,44.389852154964004,,52.491187706952644,,159.3699870216129,,1.0,,0.5629482243415782,,1.0804906649650388,0.599861304009869,3,0.8823539249560799,170100.6464050277,27849.920112560016,197023.95865231703,7.074489185463097,0.9229138096005763,0.9584531749372376,82774.69935149467,1.0,4,700,0.0625,50.30934184725103,0.5625,129.76991334625436,741401.0646379241,7483696.262862688,1,1,1,1,1,0.24907474303909033,0.276749985573045,0.35952564731618625,0.6343637382729511,0.2327928950298091,0.26626930088925627,0.3407253098270875,0.5962698283884992,-30.675226319769052,-29.544695257837077,-26.16331723891703,-14.936206999594098,-30.7074565531899,-29.3675637500258,-26.387462751520047,-16.159296001897374,222276.33826812872,1.0,222276.33826812872,,,,7.074489185463097,,,,,,0.6137870227798574,0.6897065922978604,0.5422423044752442,0.3542801926950321,-0.08291460151636885,0.5,1.0,0.2,0.8,0.5183854520298367,0.26354496689558954,0.9999999997180984,0.3827795824544485,0.6597836513224641,5.15015015015015,9749.649183484096,4.36936936936937,0.3524355300859599
pressure-f1_4_1000_uniform.csv,44.37596272538964,,45.953023951353764,,171.87244456300738,,1.0,,0.17551958275077273,,0.908622803396282,0.2414278465946733,3,0.8999549014500302,-12281.916250486987,17.874431355519036,15075.087909818552,843.3883914949754,0.9945244500729681,0.9093407747908064,63253.00010381638,0.9998307347099908,4,1000,0.0625,50.10397412793702,0.5625,129.99077422490498,432.98396019058333,20400.04993200724,1,1,1,1,1,0.6688113317288982,0.7167081057791315,0.8530552647129256,0.8584796628774568,0.6653693244506188,0.6830012053008925,0.826736240907253,0.838553674639981,-13.844717419852007,-11.842483148040596,-6.142747416464111,-5.915990685466227,-13.70122423045229,-12.97929892358195,-7.094166159284093,-6.610309414427107,16193.854871101044,0.9999999999999999,16193.854871101044,,,,843.3883914949754,,,,,,0.2407055668214368,0.5242933804682494,0.19770707228028694,0.4301913869160319,-0.44267158911368537,0.5,1.0,0.2,0.8,0.5422492247880574,0.2759429055440325,0.999953855012493,0.40210266668188427,0.8524735949520703,4.1891891891891895,672.7099135712336,3.168168168168169,0.6462925851703407
gear-train-f1_4_100_uniform.csv,37.59321747336878,,35.302266216207705,,153.9446334031898,,1.0,,0.42287044093741116,,3.7365418622648354,15.008819099735565,9,0.44403094283234845,2.4468266899624553,0.16806181554334057,0.18931695775408033,1.1264721682437042,0.7304384515839567,0.5179639066371717,22.261823582569374,0.8754813901628451,4,100,12.0,12.0,59.0,60.0,0.0007956854081050915,41.42680518149043,1,1,1,1,1,0.7873611216121149,0.9328856610504249,0.9374171812972933,0.8916878613289886,0.7800773344870138,0.9319421073735402,0.902863622046259,0.8839010957559988,-8.133404093956141,-2.567113047783714,-2.393783101693174,-4.142922492682509,-8.490552949175413,-2.627510627912656,-3.7501435260598583,-4.482229657982799,0.35371099762132996,0.9999999999999999,0.35371099762132996,,,,1.1264721682437042,,,,,,0.6316304320889398,0.810080716439788,0.7124007555130767,0.2161505111818721,-0.1912210420683431,1.0,1.0,0.8,0.8,0.29820994184292937,0.3013464897369456,0.27986096471113925,0.3375192178490807,0.7226868274897188,0.4854854854854853,0.013904108340900697,-1.0960960960960962,0.47959183673469385
pressure-f2_4_100_uniform.csv,44.92985122378969,,41.8553916370058,,145.25487508495974,,1.0,,0.6718472081402124,,1.1491322733513536,0.26274305368685136,4,0.88815008508662,-141114.32670238824,25181.189760627363,469723.11292083026,18.653729922454925,0.9204957678329996,0.957305278680377,17314.871876307705,1.0,4,100,0.0625,50.2810911674261,0.5625,129.66015945411078,738369.8081565022,6313313.891144985,1,1,1,1,1,0.10900992646602879,0.11607885508414738,0.30234057110570506,0.6033612291635159,0.11016895984211486,0.11077793037233026,0.2495172821347157,0.5536180618100016,-36.960312438727144,-36.667077061483894,-28.940513742742542,-16.453486218183105,-36.5238976476078,-36.49890191660694,-30.80422320258308,-18.322139244883495,519627.0916132382,0.9999999999999999,519627.0916132382,,,,18.653729922454925,,,,,,0.6182601449831102,0.6768573414967919,0.5066342593091526,0.36879642288669545,-0.17521112601163222,0.5,1.0,0.2,0.8,0.512721151595779,0.28546806725166274,0.9999999997192456,0.39519368593110515,0.651896075325339,5.17017017017017,6742.622241778349,4.50950950950951,0.3469387755102041
speed-reducer-f1_7_100_uniform.csv,4.858135850796425,,2.6034230417656934,,167.2028509285643,,1.0,,0.1878856132700291,,0.35869790399225004,-0.5429511952656241,1,0.9814686992865312,-13356.387708512066,8.66164616111144,7305.931489047924,843.4807140760003,0.9962335982799558,0.9828013422344944,4073.2319061186136,1.0,7,100,0.70128752350666,17.310644330644568,0.7994674670771602,27.970931976484646,2880.418271772991,5843.096658311211,1,1,1,1,1,0.2493496658769896,0.2613379092387349,0.314515135550748,0.42560979061399534,0.29026139339695756,0.31653870707749937,0.360434803714886,0.40068783715719797,-2.863501069950385,-2.817769594011872,-2.614914765978864,-2.191122689724027,-2.325828092720916,-2.2397167923198285,-2.0958683757757814,-1.9639583526681808,7389.292375196574,1.0,7389.292375196574,,,,843.4807140760003,,,,,,0.4626013893998915,0.7974976218894191,0.3352483926551712,0.23004845784886557,-0.2738790962841772,0.14285714285714285,0.8571428571428571,0.125,0.75,0.9637775454349844,0.17812536496691203,0.9999951770356612,0.24996984921233367,0.8959308564013534,3.308308308308309,321.74181506763716,2.6276276276276276,0.6530612244897959
speed-reducer-f1_7_1000_uniform.csv,5.1754961126200145,,4.915450148395807,,164.7990966217058,,1.0,,0.15915091218717872,,0.3436216828582402,-0.6105222225660984,2,0.985575372884946,-13542.964532806218,2.0904846831003914,7483.619721706553,3579.849104949011,0.9969609489417095,0.9888527522927536,1281.1256495070757,0.9999623446775249,7,1000,0.7000272465969419,17.00308570122398,0.7999024977872109,27.99416984017988,2520.2545259386843,6520.6501801288305,1,1,1,1,1,0.25612578021843146,0.30336678846259385,0.3573881929136047,0.4760461993220505,0.30114014417401463,0.33080744757618763,0.35421948104607714,0.4536236948336545,-2.8136944818176928,-2.635005987610789,-2.430670733663577,-1.9818483803993798,-2.2994886683574975,-2.2018730628461585,-2.1248394412717895,-1.7977654774634633,7564.283813008433,1.0,7564.283813008433,,,,3579.849104949011,,,,,,0.5829440421415447,0.8200625581001715,0.44281272173845493,0.2168637683061842,-0.22263595272689374,0.14285714285714285,1.0,0.125,0.875,0.964633543642107,0.15839829427718902,0.9999966185530222,0.25196769391449786,0.8654055249698451,3.408408408408409,352.8154115380883,2.7877877877877877,0.6212424849699398
speed-reducer-f3_7_1000_uniform.csv,1.8206075322445154,,3.314821664653141,,23.70911202894835,,1.0,,0.2955316925591494,,0.09674857782606289,-1.216120796838268,5,0.9975473934633032,3487.244968874142,0.002105760407566639,498.3967759312419,236682.5656614828,0.9975581480629823,0.9999960833878099,96402.0852364912,0.9999999946084421,7,1000,0.7000272465969419,17.00308570122398,0.7999024977872109,27.99416984017988,754.8303172205294,1004.02133034539,1,1,1,1,1,0.984078592762405,1.1066051894862543,1.035090145478197,1.0192059940276879,0.9936556859418947,1.1201200322717844,1.049411726630677,1.0282035303610726,-0.060222514097004076,0.4032327313059483,0.13272801513026655,0.07264642055937554,-0.0208749696573598,0.39523611314781526,0.1625815312240686,0.09279929006125576,498.40035381295587,0.9999999999999999,498.40035381295587,,,,236682.5656614828,,,,,,0.40791071192162315,0.820720444101627,0.3473036084759279,0.20975871343372193,-0.5207671521634705,0.14285714285714285,1.0,0.125,0.875,0.964633543642107,0.15839829427718902,0.9981393931174541,0.25115756290708524,0.862742995522376,2.6476476476476476,88.50074914473439,2.1471471471471473,0.5731462925851704
pressure-f2_4_1000_uniform.csv,46.32541641967933,,53.103273133655435,,165.8154660899944,,1.0,,0.5681794778956324,,1.0393901367509086,0.391943370935226,3,0.8873792697439387,-994.9116911421186,26947.996630258793,54636.17791739819,2.0274671496748478,0.9198215865036218,0.9543583088514839,11996.058884397598,1.0,4,1000,0.0625,50.10397412793702,0.5625,129.99077422490498,721977.6818591875,7281219.242246603,1,1,1,1,1,0.1795474935887996,0.2515644140561156,0.35256238241624127,0.6205861943335771,0.1660934113875419,0.2358713249112058,0.33858032471753313,0.5790341597501965,-34.29746907395479,-31.286937588916818,-27.064908075574614,-15.860678301778158,-34.14373514643538,-31.28672618289299,-27.08137640579431,-17.236158523584532,78582.085782983,1.0,78582.085782983,,,,2.0274671496748478,,,,,,0.682559107137343,0.7190361158555257,0.5678229787718317,0.3338101295704312,-0.07186630997273831,0.5,1.0,0.2,0.8,0.5422492247880574,0.2759429055440325,0.9999999997012612,0.3771583403599342,0.6261208054345508,5.15015015015015,10691.263391734772,4.40940940940941,0.33567134268537074
speed-reducer-f2_7_700_uniform.csv,2.0448206321846314,,3.813534588880683,,163.51619360682807,,1.0,,0.33055897856413946,,0.3868651116689985,-0.9934436502256054,3,0.9762669101663908,4582.175280824892,0.27034123987385617,974.1375961170713,3603.362907455826,0.9764370865263646,0.9996290051411576,14688.489222023523,0.9999953138350374,7,700,0.7000710274139227,17.00198118848721,0.7999065432898663,27.997182901516794,695.3824883824518,1693.7417290939736,1,1,1,1,1,0.8341932537005322,0.8801655973765954,0.9508986068530091,1.0347626028455887,0.7842743156106848,0.8414640951188498,0.9297554621750985,1.0264906697459928,-0.6518707530647294,-0.47113005969065025,-0.19304258024246046,0.136669493860738,-0.734593292807328,-0.5398495442233102,-0.23919806530500942,0.09020654342791001,977.7332760502002,1.0,977.7332760502002,,,,3603.362907455826,,,,,,0.393308799159924,0.8132888374910424,0.3148286428013305,0.21344520119939567,-0.3854904369292527,0.14285714285714285,1.0,0.125,0.875,0.9677611409522849,0.1623844151681936,0.9998645366754694,0.24973371184658907,0.8190709705288457,3.0480480480480487,146.94918006248173,2.4874874874874875,0.5343839541547278
speed-reducer-f3_7_100_uniform.csv,3.3174240253838136,,5.372838396537125,,169.51219959519526,,1.0,,0.28157407960412195,,-0.18826262051954834,-1.1785394874035615,2,0.9972958958817182,3459.8146116473845,0.024106496223268357,495.9114367532485,20571.692881464,0.9967330937985394,0.9999960318040717,53695.75978014692,1.0,7,100,0.70128752350666,17.310644330644568,0.7994674670771602,27.970931976484646,755.8038310814946,995.4204265053754,1,1,1,1,1,0.37834762682210127,1.2811522519397793,1.1056056336555447,1.0636711709976394,0.4404245298006216,1.718708389064909,1.3227435883085703,1.0841650251311585,-2.3714133662670167,1.0725097127800498,0.40285314109496584,0.24288601228659035,-1.8337403890375477,2.3552222553623645,1.0576374139014026,0.2758105280640253,495.9144400276689,1.0,495.9144400276689,,,,20571.692881464,,,,,,0.21952524057913808,0.7345365937813959,0.28144375663732324,0.2646426770447709,-0.6664876036685699,0.14285714285714285,0.8571428571428571,0.125,0.75,0.9637775454349844,0.17812536496691203,0.9981040374113012,0.257695489710261,0.8957956252403241,2.6076076076076076,67.11611767496287,2.007007007007007,0.6020408163265306
pressure-f2_4_50_uniform.csv,39.78941704032805,,39.4468881020223,,124.44781751341297,,1.0,,0.6566267414645065,,1.059983941373889,0.3032195034294429,3,0.8604395441808215,94550.13355080182,24553.514135941397,491478.08046653005,20.016608528842116,0.901691451488331,0.9635530942642656,8018.736301908668,1.0,4,50,0.0625,50.13859144581627,0.5625,129.04823157512078,836621.0861035895,5960575.13346564,1,1,1,1,1,1.7766592572537956,0.31566542041676354,0.41971596100645525,0.5088018018526385,1.8194739365009447,0.4224370641243687,0.44895198703806893,0.45825795900402466,33.307318482000724,-29.347940654207065,-24.885694873606386,-21.065215756686477,34.46256379470089,-24.289118465509294,-23.174046732628234,-22.782688767153665,530738.0462731323,1.0,530738.0462731323,,,,20.016608528842116,,,,,,0.7078333810390556,0.7212826512430355,0.5493035918898659,0.33640116105913714,-0.2753004199609138,0.5,1.0,0.2,0.8,0.5583576395819655,0.31442310798896655,0.9999999996547512,0.38399154849186473,0.6942405598939491,5.17017017017017,12856.096069432964,4.2892892892892895,0.4166666666666667
speed-reducer-f3_7_700_uniform.csv,0.6402551783487362,,5.201616337156151,,102.2174808254057,,1.0,,0.3128548101570425,,0.02185422178701564,-1.23573477818658,3,0.9976400793808383,3489.368166821071,0.07110753460873308,498.674677254666,7012.965362933863,0.9976342969740175,0.9999960255862484,78623.6951671998,0.9999999947536675,7,700,0.7000710274139227,17.00198118848721,0.7999065432898663,27.997182901516794,754.7109470614148,1003.9319856557527,1,1,1,1,1,0.9335851936923916,1.0130395958402676,1.0411009228191335,0.9666140398020053,0.8709510747432583,1.010050130073235,1.0404235802840325,0.9582062028428744,-0.2611104238436397,0.05126529136940361,0.16158865732382965,-0.13125721058869688,-0.4394399081683571,0.03422289823550262,0.13765116115853449,-0.14231705028302644,498.68207461444246,1.0,498.68207461444246,,,,7012.965362933863,,,,,,0.3333843397735146,0.8022873224595641,0.24677096754715372,0.21880990077022958,-0.545670872160809,0.14285714285714285,1.0,0.125,0.875,0.9677611409522849,0.1623844151681936,0.997925546842215,0.252532174643856,0.8542007522836805,2.6076076076076076,80.70620141149507,2.2072072072072073,0.5687679083094556
unconstrained-f-f1_2_100_uniform.csv,3.586838086374019,,50.83240164774804,,84.72916582142946,,1.0,,0.16363189856505225,,3.825641902445651,14.45791074193236,17,0.04988931154757903,1546076651098723.5,20872163894464.41,51498108881722.72,2.4673104878876857,0.07610286990438009,0.392545350110285,1.8471730139606304,0.5960151599731929,2,100,-49.17222141755554,-47.46277079996189,49.19915003346797,49.41800087067682,4506902.965997155,3.048176333013524e+16,1,1,1,1,1,0.34416687717340955,0.5196498314249283,0.641123957877841,0.7909582326449182,0.352017057191305,0.5735637707372654,0.6556366177040328,0.8035245984145294,-33.71431632047958,-24.69329005241126,-18.44868760486103,-10.746179208555802,-32.56791436474579,-21.432876823046342,-17.307858593247502,-9.874942117888082,55567098574886.49,0.9999999999999999,55567098574886.49,,,,2.4673104878876857,,,,,,0.40485963982479917,0.6794820695651681,0.1747690255256929,0.3310258941325257,-0.1713592704145191,1.0,1.0,0.3333333333333333,1.0,0.5694873263962831,0.5677702566172704,1.0,0.42332815792313916,0.5605293567135659,,168399801744.25336,13.038038038038039,0.3877551020408163
kursawe-f1_3_1000_uniform.csv,0.7923825365525116,,0.7331862090475814,,174.56596472368787,,1.0,,0.4644396779582631,,-0.36633365232827997,-0.4851248875277525,2,0.9598048925215835,-19.550423501544813,1.1750151767450339,2.3521481681522385,2.001802372177045,0.9887017779318462,0.97002361430197,2.2871225707229517,0.9998196599277746,3,1000,0.00017299061644737712,0.0007822649052723341,0.997416729676156,0.9980539259220012,-19.735637673972217,-15.39204773772492,1,1,1,1,1,0.262044905237239,0.43032039340836764,0.5664075873750817,0.7306232754534293,0.2549394808262079,0.40241171737299414,0.5463899064096484,0.7019223053174812,-0.4889327194421368,-0.37744166445672056,-0.2872769887202035,-0.17847575742980892,-0.49545977421171505,-0.39739181980850513,-0.3016473813424633,-0.1982194781555729,2.8858729753991974,1.0,2.8858729753991974,,,,2.001802372177045,,,,,,0.784346727117243,0.7967177774365638,0.5987327411769403,0.2652164458879331,-0.15622278708688855,1.0,1.0,0.5,0.75,0.34585594589130453,0.34206814147916664,0.8286506952379121,0.49557743841445256,0.7704905881243497,0.5055055055055053,0.9224970052592174,0.10510510510510507,0.41783567134268534
speed-reducer-f2_7_200_uniform.csv,5.0119922947278495,,2.5462593105085873,,162.70577503468402,,1.0,,0.3370285321342596,,0.464461439491996,-0.9104540220362458,3,0.9740109081361329,4388.746625407389,1.78458878103276,964.4235667758458,540.4178133506609,0.97405513742876,0.9996254937267433,55181.470505503734,1.0000151540023434,7,200,0.7001040609039108,17.11395837878348,0.799577881979792,27.974895645589207,697.7430974544127,1682.7427822993172,1,1,1,1,1,1.0003523842536775,0.9653996299289375,0.9813996303465002,1.0409310157537783,1.3717446929773052,1.0439660679598506,0.9740311700975989,1.0300300916133196,0.0013011006280012616,-0.12775418526431404,-0.06867773569523994,0.15112868905520838,1.1873948346887508,0.1404326221283494,-0.08294739661799122,0.09591952848419716,966.09252033187,1.0,966.09252033187,,,,540.4178133506609,,,,,,0.30554849319177035,0.786317377984323,0.21462000775296136,0.22699433954443127,-0.42934423821379697,0.14285714285714285,1.0,0.125,0.75,0.9629891913454047,0.19060215516844833,0.9998845997302691,0.26477864854946437,0.8520074669990463,3.0480480480480487,161.14142772530198,2.4874874874874875,0.5606060606060606
four-bar-f2_4_200_uniform.csv,1.4336493234032919,,1.3944937936224702,,126.26508389221259,,1.0,,0.39142787688676406,,0.4462829246535817,-0.1738492860654648,1,0.9466208851659819,0.04589432735466556,0.005916580378323302,0.0067255246395342035,1.1367249677152444,0.9460228911573866,0.9965576774869733,1.1522408460089506,0.9997153227976426,4,200,1.0066013692769622,1.430331680726464,2.96694745290134,2.9969351515814218,0.009379738592897164,0.04050141260292423,1,1,1,1,1,0.5374856661277749,0.6593760777452136,0.6538155173712829,0.7529765335377271,0.5589903641729432,0.643465403228741,0.6454722653879794,0.7468062398700549,-0.6325288974463825,-0.46583307415333897,-0.47343762792588884,-0.33782624546276363,-0.6002199894643081,-0.4852483359380083,-0.4825169698039886,-0.3446000805688074,0.012762947079481009,1.0,0.012762947079481009,,,,1.1367249677152444,,,,,,0.7996831046198037,0.8297764206864795,0.6596629458529331,0.2285108529234176,-0.3379781120898693,1.0,1.0,0.8,0.8,0.33950781451011874,0.2940888770945616,0.33949776480836796,0.3898741530301968,0.8161275044640571,-1.7567567567567566,0.0034091639092193827,-2.2572572572572573,0.4393939393939394
kursawe-f1_3_200_uniform.csv,0.6889179266209945,,0.753728580394201,,173.12060715287166,,1.0,,0.49781235731005075,,-0.27379442063094567,-0.30540472110783945,1,0.95070845125502,-19.45429421662517,1.0989636454037597,2.3209773195029446,2.111969153129007,0.9867619000635199,0.9621746367895909,1.9308126032597677,0.9998223237957466,3,200,0.0003768101400795088,0.004492427137316901,0.9924563856226986,0.9985577736533074,-19.39582822025596,-15.310703505722255,1,1,1,1,1,0.1911777244955714,0.43449480370674387,0.549144440952661,0.7744918121187336,0.22276857899950492,0.4263991406741529,0.5288108106704736,0.748074934270819,-0.5560067251528735,-0.3887438585341294,-0.30993053788799413,-0.15502054386524533,-0.5385353448447456,-0.397441904989699,-0.32648195338789704,-0.17455618556035357,2.8105304411572822,1.0,2.8105304411572822,,,,2.111969153129007,,,,,,0.7238269128586982,0.7620341205781723,0.5296127621546801,0.29269971799573774,-0.2523463807471185,1.0,1.0,0.5,0.75,0.36058290386386416,0.3585672668184332,0.8065671622004876,0.48286412882624885,0.8020037135059971,0.5255255255255253,1.0115911122238297,0.08508508508508504,0.41414141414141414
speed-reducer-f2_7_50_uniform.csv,5.186435872114058,,5.437816075765577,,13.925895773060967,,1.0,,0.365197553635138,,0.2093217743610277,-1.35490598362753,3,0.9763167095933004,4841.950913273862,0.901847550573838,971.2517074812332,1076.9577484168294,1.0113456089116573,0.999479159130383,10812.547121966374,1.0,7,50,0.7002689162651461,17.175705861483873,0.79702846287094,27.977477341873694,698.8356804955355,1681.2717316507358,1,1,1,1,1,1.4289729183631155,1.478115020684293,1.0578951463845105,1.056534051424325,1.1203303604989354,2.0479392661698346,0.5522463335483222,1.1587191437944775,1.828700395409073,2.0381918996487443,0.24680550345605212,0.2410031910364756,0.46151457700857,4.019262014604548,-1.717312597748851,0.6087507608864744,990.0791941361189,1.0,990.0791941361189,,,,1076.9577484168294,,,,,,0.15607337460062432,0.6619247909817404,0.23370205750964085,0.27749063995492795,-0.4957935065502212,0.14285714285714285,0.8571428571428571,0.125,0.75,0.9695183833241059,0.20853092677690357,0.9998847497140486,0.2775142885940192,0.8647896533849898,2.947947947947948,202.91180180466782,2.4874874874874875,0.625
speed-reducer-f2_7_400_uniform.csv,0.8072709992882227,,2.569784273714232,,92.18045128510087,,1.0,,0.3478387742640107,,0.36366178392476356,-1.005583425301147,5,0.9754767264355393,4559.568541803492,0.7965715690793345,976.5482426446024,1225.93911275704,0.9753178735261503,0.9996291884101816,37070.494103816134,0.9999944596807907,7,400,0.7003323293050808,17.041460820052215,0.7996946356643126,27.978290960799512,698.0096517529453,1692.5082050085905,1,1,1,1,1,1.0822762229540215,0.9634715317562536,0.9522012732295185,0.9439760617618904,1.1617030616250754,1.0344433977519296,0.96927826229085,0.9448431230268155,0.319620374046548,-0.1419029977827031,-0.18568483555531623,-0.21763750756074352,0.5459638906954947,0.11629248856782226,-0.10372691326960659,-0.18622815701977302,977.729236881781,1.0,977.729236881781,,,,1225.93911275704,,,,,,0.35004709322935235,0.8136734285212555,0.3349324686975195,0.2107742113617873,-0.4529439637151524,0.14285714285714285,1.0,0.125,0.75,0.9657569327002015,0.17620108949245725,0.9998713920688673,0.25166399668387773,0.8379706053259834,3.0280280280280287,176.70435260889465,2.4874874874874875,0.5150753768844221
kursawe-f2_3_100_uniform.csv,0.5761934400967895,,0.6171787403231033,,160.39844885989666,,1.0,,0.4875104113329374,,0.3162312990512006,-0.8786663885636923,4,0.9518029038742428,-1.7165821976858489,3.9918833060595813,4.071760444094234,1.0200098880429196,0.9515554299542955,0.9996923943320081,1.0185621764191675,0.9996700049913005,3,100,0.00019808250892605628,0.012761571544611884,0.9847580805271368,0.9971505225387366,0.9692830502696568,8.999160985289407,1,1,1,1,1,0.7169502869013441,0.582388026031621,0.5858593983607856,0.6112999141366211,0.7209897734909957,0.6877351828720274,0.6532297296466644,0.6137712044758361,-0.18292741061776085,-0.26989137775377625,-0.2676479232577002,-0.25120640270391736,-0.1793065389404297,-0.2006776751255604,-0.22285268093027077,-0.2482107893716713,6.963277037307753,1.0,6.963277037307753,,,,1.0200098880429196,,,,,,0.774408146842265,0.7656212698211908,0.5840202104666576,0.3011496739648031,-0.34292934684083404,1.0,1.0,0.25,0.75,0.394269090831818,0.39471295140631424,0.9638365081599851,0.5063161940425295,0.7327340592158866,0.9259259259259256,1.2451178085219232,0.4254254254254252,0.42857142857142855
pressure-f1_4_400_uniform.csv,33.01835645050705,,38.72793605692762,,155.91597959880593,,1.0,,0.13224073505136935,,0.922503002386931,0.09387314046247042,3,0.900755083520082,-12884.316284212753,19.715662809553322,15085.60569893665,765.1584349285404,0.9935912242526257,0.9046565843275012,17377.803901703974,0.9998344541227221,4,400,0.0625,50.09488004835187,0.5625,129.8036647622292,591.2488983455196,19045.033015181347,1,1,1,1,1,0.776114588075237,0.8257189188260182,0.7992374103877021,0.8698874048474745,0.7710365337491552,0.8120643050302913,0.7630582055751058,0.8552246976279905,-9.321714445932862,-7.256383781620627,-8.358970402326847,-5.417380468892269,-9.326382403181029,-7.6551957707297404,-9.65136411623623,-5.897140948146962,16308.179986277397,1.0,16308.179986277397,,,,765.1584349285404,,,,,,0.25884666675440476,0.5215812345736959,0.15841756575339577,0.4391239791085087,-0.4596956981476205,0.5,1.0,0.2,0.8,0.515173509965897,0.2802544555348584,0.9999500345612377,0.387177723468442,0.8646054715452652,3.8688688688688693,321.74181506763716,2.9279279279279278,0.6507537688442211
pressure-f2_4_200_uniform.csv,41.45977795006925,,53.993240273194004,,162.69939189310253,,1.0,,0.6376695877029326,,0.9953525346167482,0.20182301345011489,3,0.8909217646393076,-106367.83521039164,16493.788642153122,55232.5944687151,3.3486905687367265,0.9249270429556411,0.9617030726030934,23233.008518400893,1.0,4,200,0.0625,50.840379521459504,0.5625,129.6821142643006,780410.7875759543,7264768.4933567615,1,1,1,1,1,0.3295693322296095,0.3065034738359127,0.3433774811845402,0.5774530030589835,0.3579854180501428,0.3269551171898159,0.33068124861000714,0.5351804337158482,-27.351920185179857,-28.29295040368878,-26.788581712946232,-17.238876874851332,-25.722547760442733,-26.96578805177151,-26.816499241030698,-18.623165002607664,79936.23697008322,1.0,79936.23697008322,,,,3.3486905687367265,,,,,,0.5216789097191972,0.6933328688400092,0.4501083893415811,0.34757186066714496,-0.14233565088342134,0.5,1.0,0.2,0.8,0.5242051222510152,0.2822493108109373,0.9999999997362569,0.39985659799600837,0.6677844330018616,5.17017017017017,16952.323415541214,4.44944944944945,0.32323232323232326
pressure-f1_4_200_uniform.csv,35.61895937561505,,42.01571669167447,,110.32049627987882,,1.0,,0.10710292038095705,,0.9607630904119688,0.7392511562297588,2,0.8891648943709074,-12269.891091564841,13.452012236164732,15333.851934597751,1139.8928030539425,0.9923857209481466,0.8879411964352939,14145.472823327767,0.9998266765563211,4,200,0.0625,50.840379521459504,0.5625,129.6821142643006,741.5293573867026,21269.415841363883,1,1,1,1,1,0.9735982151065559,1.0650792266271418,1.0024936069310606,0.9988863086497122,1.1865076185692878,1.0690191454896498,1.0024839773125507,0.9865869543761591,-1.0771278043609556,2.655072176722747,0.10173302181775767,-0.04543586442025571,7.472495580652762,2.765277169952384,0.09952145458112227,-0.5373985519525064,16620.36076136588,0.9999999999999999,16620.36076136588,,,,1139.8928030539425,,,,,,0.21663623656251982,0.5158765192241854,0.22465806298562233,0.43088603002083425,-0.4646661889924079,0.5,1.0,0.2,0.8,0.5242051222510152,0.2822493108109373,0.999936335266072,0.35808246950056916,0.8231448286279478,3.8688688688688693,487.1780218794631,2.7877877877877877,0.5909090909090909
four-bar-f2_4_50_uniform.csv,1.2904070748003607,,1.167761003252297,,114.36492634892116,,1.0,,0.4076185791362557,,0.6908787466456541,-0.1576653927615559,1,0.9307864355008094,0.04681782657901838,0.005353836202332365,0.006759851424371233,1.2626182738699303,0.9232908572032374,0.9959627976698858,1.1934919077930595,1.000024314298385,4,50,1.0034867778696344,1.4728267205590897,2.9468309749385684,2.9994919785989413,0.011417198041721458,0.03627445007387568,1,1,1,1,1,0.5773503240271816,0.5551443747846473,0.828890238159929,0.7582788389975135,0.8242294251466621,0.7438040410188608,0.8468756522873508,0.8101610316897002,-0.6157474543530548,-0.6480987312968065,-0.24928541593098763,-0.3521573492466563,-0.2647867690166874,-0.38594230160736953,-0.23067172262735647,-0.2859798751542344,0.01266864669280079,1.0,0.01266864669280079,,,,1.2626182738699303,,,,,,0.7114537309385437,0.8308859758448994,0.5974314810089657,0.22628972774465578,-0.4678510131080056,1.0,1.0,0.8,0.8,0.41797084598170514,0.3356027516501594,0.41796060293251625,0.3353412048083012,0.8296825393887648,-1.856856856856857,0.0014526539259467812,-2.3173173173173174,0.4791666666666667
four-bar-f1_4_150_uniform.csv,1.1985918610116277,,1.6225306708479812,,155.8858429182709,,1.0,,0.46336647288223354,,0.1036603899571459,-0.7776865271406863,2,0.999913002723586,351.03288410415786,68.67835855141226,399.46610849749135,5.8164772269339124,0.9999128005866553,0.9999992394803427,406.0917349429337,0.9999999880034944,4,150,1.0116510248241857,1.4309202466439543,2.9724469877897346,2.9916849154056586,1387.177204196662,2583.402796078457,1,1,1,1,1,0.6372735410838055,0.709758954886549,0.6742661764246942,0.7470400599517502,0.6325863674424336,0.6927129338522057,0.6572343121586477,0.7351172775615736,-0.4967877421284217,-0.39751220218599603,-0.4461228751614764,-0.34645224900603555,-0.5035330522046113,-0.42113079267998077,-0.46975353578565726,-0.3630164857445515,462.0199509162575,0.9999999999999999,462.0199509162575,,,,5.8164772269339124,,,,,,0.7445891191952394,0.822795605345728,0.5891442358610892,0.2285345647217377,-0.27565001455946203,1.0,1.0,0.2,0.8,0.35633505098261264,0.3090964111149114,0.9999904725057225,0.40386888273771715,0.7941581822477243,2.6476476476476476,140.32890847858732,2.2672672672672673,0.44594594594594594
four-bar-f1_4_1000_uniform.csv,1.4466566305066841,,1.4740871761798409,,162.64234343806706,,1.0,,0.4296609476729393,,0.07295963858933532,-0.7618579541413393,1,0.999902242890484,351.3617617783689,68.04835147399412,399.852368578776,5.876003752002525,0.9999031569119385,0.999999079775574,1782.4693730996155,0.9999999879589366,4,1000,1.0009160119348808,1.4153458601347984,2.9956346704774393,2.9995523474836543,1334.7328459555854,2535.086367521708,1,1,1,1,1,0.5734195090910438,0.6454936985743233,0.6792568662523963,0.8017807982119187,0.5595313079415611,0.6140430157347406,0.6608956306257979,0.7922285688730659,-0.597739150061502,-0.4967463346814336,-0.44943623123935506,-0.2777515140230935,-0.6179010249245714,-0.5414305726016501,-0.47570449652962,-0.29146720881207266,462.2662425505021,0.9999999999999999,462.2662425505021,,,,5.876003752002525,,,,,,0.7308651111336102,0.8220187538518949,0.5984543715114087,0.22758912353685187,-0.21174084852049968,1.0,1.0,0.2,0.8,0.31165004725346424,0.26741702032692083,0.9999884156342914,0.393160813619669,0.7973364843194262,2.6676676676676676,116.69898186171474,2.2672672672672673,0.4318637274549098
welded-beam-f1_4_400_uniform.csv,6.889862106375911,,5.081711674722214,,122.50524555102528,,1.0,,0.49635635535792794,,1.1802540322610102,0.8146977022837798,6,0.8377861841553764,-14.056580621933984,0.5092224625691677,6.059363258392335,11.899245818460516,0.9970286878555409,0.8368914224333918,2221.048006259296,0.9975326340358966,4,400,0.00011243089216811386,0.12431622795798684,0.12496960261301646,9.98079290261521,0.16367777942768566,45.16081129906114,1,1,1,1,1,0.8997614840220559,0.8205958686718975,0.851417843711505,0.879400433952151,1.0418550998919953,0.7675381130344393,0.8263171983484431,0.8557249782426806,-0.5645148788970378,-1.010353160980519,-0.8367725434195004,-0.6791825353591312,0.23034127589297793,-1.2793080838012028,-0.9558289966173925,-0.7939890879922071,7.899273111773033,1.0,7.899273111773033,,,,11.899245818460516,,,,,,0.3505394334465842,0.7249392587500891,0.33794785595787546,0.2870203724942323,-0.23380006169672382,0.75,1.0,0.4,0.8,0.47857338448226017,0.28596818985180844,0.8829889195561066,0.3861438423254097,0.7181935874636031,0.9659659659659656,1.46273335620113,0.3253253253253252,0.4045226130653266
